id,anger,disgust,fear,joy,sadness,surprise
chn_test_track_b_00001,0,1,0,0,0,2
chn_test_track_b_00002,0,0,0,1,0,0
chn_test_track_b_00003,2,1,0,0,0,0
chn_test_track_b_00004,0,0,0,0,0,0
chn_test_track_b_00005,0,0,0,1,0,0
chn_test_track_b_00006,0,0,0,0,0,0
chn_test_track_b_00007,0,0,0,0,0,0
chn_test_track_b_00008,1,0,0,0,0,0
chn_test_track_b_00009,0,0,0,1,0,0
chn_test_track_b_00010,1,0,0,0,0,0
chn_test_track_b_00011,0,0,0,0,0,0
chn_test_track_b_00012,0,0,0,0,0,0
chn_test_track_b_00013,2,2,0,0,0,0
chn_test_track_b_00014,2,0,0,0,0,0
chn_test_track_b_00015,0,0,0,0,0,0
chn_test_track_b_00016,0,0,0,0,0,0
chn_test_track_b_00017,0,0,0,0,0,1
chn_test_track_b_00018,0,0,0,0,1,0
chn_test_track_b_00019,0,0,0,0,2,0
chn_test_track_b_00020,1,0,0,0,0,0
chn_test_track_b_00021,0,0,0,0,0,0
chn_test_track_b_00022,0,0,0,1,0,0
chn_test_track_b_00023,1,1,0,0,0,0
chn_test_track_b_00024,0,0,0,0,1,0
chn_test_track_b_00025,0,0,0,1,0,0
chn_test_track_b_00026,1,0,0,0,0,0
chn_test_track_b_00027,0,0,0,0,0,0
chn_test_track_b_00028,1,0,0,0,0,0
chn_test_track_b_00029,1,1,0,0,0,0
chn_test_track_b_00030,1,0,0,0,0,0
chn_test_track_b_00031,0,0,0,0,0,0
chn_test_track_b_00032,0,0,0,0,0,0
chn_test_track_b_00033,2,0,0,0,0,1
chn_test_track_b_00034,0,0,2,0,1,0
chn_test_track_b_00035,2,1,0,0,0,0
chn_test_track_b_00036,2,0,0,0,0,1
chn_test_track_b_00037,0,1,0,0,0,0
chn_test_track_b_00038,0,0,0,2,0,0
chn_test_track_b_00039,0,0,0,0,0,0
chn_test_track_b_00040,1,0,0,0,0,0
chn_test_track_b_00041,0,0,0,0,0,1
chn_test_track_b_00042,2,0,0,0,0,1
chn_test_track_b_00043,0,0,0,0,0,0
chn_test_track_b_00044,0,0,0,1,0,0
chn_test_track_b_00045,0,0,0,3,0,0
chn_test_track_b_00046,2,0,0,0,3,1
chn_test_track_b_00047,0,0,0,2,0,0
chn_test_track_b_00048,0,0,0,0,0,0
chn_test_track_b_00049,2,0,0,0,0,0
chn_test_track_b_00050,0,0,0,0,0,0
chn_test_track_b_00051,2,0,0,0,0,1
chn_test_track_b_00052,2,0,0,0,0,0
chn_test_track_b_00053,0,0,0,0,2,0
chn_test_track_b_00054,1,0,0,0,0,1
chn_test_track_b_00055,0,0,0,1,0,0
chn_test_track_b_00056,2,1,0,0,0,0
chn_test_track_b_00057,0,0,0,2,0,0
chn_test_track_b_00058,1,0,0,0,1,0
chn_test_track_b_00059,0,0,1,0,1,0
chn_test_track_b_00060,0,0,0,0,0,0
chn_test_track_b_00061,0,0,0,0,0,0
chn_test_track_b_00062,1,0,0,0,0,0
chn_test_track_b_00063,0,0,0,0,0,1
chn_test_track_b_00064,0,0,0,0,0,0
chn_test_track_b_00065,0,0,0,0,1,0
chn_test_track_b_00066,1,0,0,0,0,0
chn_test_track_b_00067,0,0,0,0,0,0
chn_test_track_b_00068,1,0,0,0,0,1
chn_test_track_b_00069,0,0,0,0,0,0
chn_test_track_b_00070,0,0,0,0,0,0
chn_test_track_b_00071,0,0,0,0,0,0
chn_test_track_b_00072,3,1,0,0,0,0
chn_test_track_b_00073,0,0,0,1,0,0
chn_test_track_b_00074,0,0,0,0,0,0
chn_test_track_b_00075,0,0,0,0,1,0
chn_test_track_b_00076,0,0,0,0,0,0
chn_test_track_b_00077,0,0,0,0,0,0
chn_test_track_b_00078,0,0,0,1,0,0
chn_test_track_b_00079,1,1,0,0,0,0
chn_test_track_b_00080,1,1,0,0,0,0
chn_test_track_b_00081,0,0,0,1,0,0
chn_test_track_b_00082,0,0,0,1,0,0
chn_test_track_b_00083,2,1,0,0,0,0
chn_test_track_b_00084,2,0,0,0,0,0
chn_test_track_b_00085,1,0,0,0,1,0
chn_test_track_b_00086,0,0,0,1,1,0
chn_test_track_b_00087,0,0,0,1,0,0
chn_test_track_b_00088,0,0,0,2,0,0
chn_test_track_b_00089,1,0,0,0,0,2
chn_test_track_b_00090,0,0,0,1,0,0
chn_test_track_b_00091,0,0,0,0,0,0
chn_test_track_b_00092,2,0,0,0,0,1
chn_test_track_b_00093,1,0,0,0,0,1
chn_test_track_b_00094,0,0,0,2,0,0
chn_test_track_b_00095,1,0,0,0,0,0
chn_test_track_b_00096,1,1,0,0,0,0
chn_test_track_b_00097,0,0,0,0,1,0
chn_test_track_b_00098,0,0,0,0,0,0
chn_test_track_b_00099,0,0,0,0,0,0
chn_test_track_b_00100,0,0,0,0,1,0
chn_test_track_b_00101,1,0,0,0,0,0
chn_test_track_b_00102,0,0,0,2,0,0
chn_test_track_b_00103,1,1,0,0,0,0
chn_test_track_b_00104,0,0,0,0,0,0
chn_test_track_b_00105,1,0,0,0,0,0
chn_test_track_b_00106,1,1,0,0,0,0
chn_test_track_b_00107,0,0,0,0,1,0
chn_test_track_b_00108,3,0,1,0,1,1
chn_test_track_b_00109,2,1,0,0,0,0
chn_test_track_b_00110,1,0,0,0,1,0
chn_test_track_b_00111,1,0,0,0,0,0
chn_test_track_b_00112,3,1,0,0,1,0
chn_test_track_b_00113,1,0,0,0,0,0
chn_test_track_b_00114,0,0,0,0,1,0
chn_test_track_b_00115,1,1,0,0,0,0
chn_test_track_b_00116,0,0,1,0,1,0
chn_test_track_b_00117,0,0,0,0,0,0
chn_test_track_b_00118,0,0,0,1,0,0
chn_test_track_b_00119,1,0,0,0,0,0
chn_test_track_b_00120,1,1,0,0,0,0
chn_test_track_b_00121,0,0,0,0,1,0
chn_test_track_b_00122,0,0,0,0,0,0
chn_test_track_b_00123,1,0,0,0,0,0
chn_test_track_b_00124,3,0,0,0,0,1
chn_test_track_b_00125,0,0,0,2,0,0
chn_test_track_b_00126,0,0,0,0,0,0
chn_test_track_b_00127,0,0,0,1,0,0
chn_test_track_b_00128,0,0,1,0,0,0
chn_test_track_b_00129,1,1,0,0,0,0
chn_test_track_b_00130,0,0,0,0,0,0
chn_test_track_b_00131,0,0,0,0,0,0
chn_test_track_b_00132,0,0,0,0,1,0
chn_test_track_b_00133,0,0,0,0,0,0
chn_test_track_b_00134,0,0,0,0,0,0
chn_test_track_b_00135,1,0,0,0,0,0
chn_test_track_b_00136,0,0,0,0,1,0
chn_test_track_b_00137,0,0,0,0,0,0
chn_test_track_b_00138,0,0,0,1,0,0
chn_test_track_b_00139,1,1,0,0,0,0
chn_test_track_b_00140,0,0,0,0,0,0
chn_test_track_b_00141,0,0,0,0,0,0
chn_test_track_b_00142,1,0,0,0,1,0
chn_test_track_b_00143,0,0,0,0,0,0
chn_test_track_b_00144,0,0,0,2,0,0
chn_test_track_b_00145,0,0,0,0,0,0
chn_test_track_b_00146,1,1,0,0,0,0
chn_test_track_b_00147,0,0,0,2,0,0
chn_test_track_b_00148,0,0,1,0,0,0
chn_test_track_b_00149,1,0,0,0,0,0
chn_test_track_b_00150,1,0,0,0,0,0
chn_test_track_b_00151,0,0,0,0,0,0
chn_test_track_b_00152,2,0,0,0,0,1
chn_test_track_b_00153,1,1,0,0,0,0
chn_test_track_b_00154,0,0,0,2,0,0
chn_test_track_b_00155,0,0,0,2,0,0
chn_test_track_b_00156,1,1,0,0,1,0
chn_test_track_b_00157,1,1,0,0,0,1
chn_test_track_b_00158,0,0,0,2,0,0
chn_test_track_b_00159,0,0,2,0,0,0
chn_test_track_b_00160,0,0,0,0,0,0
chn_test_track_b_00161,1,0,0,0,0,0
chn_test_track_b_00162,1,0,0,0,1,0
chn_test_track_b_00163,1,0,0,0,0,0
chn_test_track_b_00164,0,0,0,2,0,0
chn_test_track_b_00165,0,0,0,1,0,1
chn_test_track_b_00166,1,0,0,0,0,0
chn_test_track_b_00167,0,0,0,0,0,0
chn_test_track_b_00168,0,0,2,0,1,0
chn_test_track_b_00169,0,0,0,0,1,0
chn_test_track_b_00170,2,1,0,0,0,0
chn_test_track_b_00171,0,0,0,1,0,0
chn_test_track_b_00172,0,0,0,1,0,0
chn_test_track_b_00173,0,0,0,0,1,0
chn_test_track_b_00174,0,0,0,0,0,0
chn_test_track_b_00175,0,0,0,0,0,0
chn_test_track_b_00176,2,0,0,0,0,0
chn_test_track_b_00177,0,0,0,0,1,0
chn_test_track_b_00178,1,0,0,0,0,0
chn_test_track_b_00179,2,1,0,0,0,0
chn_test_track_b_00180,1,0,1,0,0,0
chn_test_track_b_00181,0,0,0,1,1,0
chn_test_track_b_00182,0,0,0,0,0,1
chn_test_track_b_00183,1,0,0,0,0,1
chn_test_track_b_00184,1,0,0,0,0,0
chn_test_track_b_00185,0,0,0,0,1,0
chn_test_track_b_00186,0,0,0,2,0,0
chn_test_track_b_00187,0,0,0,0,0,0
chn_test_track_b_00188,0,0,0,0,0,0
chn_test_track_b_00189,0,0,0,0,0,0
chn_test_track_b_00190,0,0,0,1,0,0
chn_test_track_b_00191,0,0,0,0,0,0
chn_test_track_b_00192,2,1,0,0,0,1
chn_test_track_b_00193,1,0,0,0,0,0
chn_test_track_b_00194,1,1,0,0,0,0
chn_test_track_b_00195,1,0,0,0,0,0
chn_test_track_b_00196,0,0,0,0,0,0
chn_test_track_b_00197,0,0,0,0,0,0
chn_test_track_b_00198,0,0,0,2,0,0
chn_test_track_b_00199,0,0,0,0,1,0
chn_test_track_b_00200,1,1,0,0,0,0
chn_test_track_b_00201,3,2,0,0,0,0
chn_test_track_b_00202,2,0,0,0,0,0
chn_test_track_b_00203,0,0,0,2,0,0
chn_test_track_b_00204,0,0,0,0,0,0
chn_test_track_b_00205,1,1,0,0,0,0
chn_test_track_b_00206,0,0,0,2,0,0
chn_test_track_b_00207,1,1,0,0,0,0
chn_test_track_b_00208,1,0,0,0,0,0
chn_test_track_b_00209,0,0,0,0,0,0
chn_test_track_b_00210,0,0,0,0,0,0
chn_test_track_b_00211,0,0,0,0,0,0
chn_test_track_b_00212,0,0,0,0,0,0
chn_test_track_b_00213,0,0,0,0,2,0
chn_test_track_b_00214,1,0,0,0,0,0
chn_test_track_b_00215,0,0,0,1,0,0
chn_test_track_b_00216,1,1,0,0,0,0
chn_test_track_b_00217,1,1,0,0,0,0
chn_test_track_b_00218,1,1,0,0,0,0
chn_test_track_b_00219,0,0,0,2,0,0
chn_test_track_b_00220,1,0,0,1,0,0
chn_test_track_b_00221,0,0,0,0,3,0
chn_test_track_b_00222,1,0,0,0,0,0
chn_test_track_b_00223,1,0,0,0,0,0
chn_test_track_b_00224,0,0,0,0,0,0
chn_test_track_b_00225,1,1,0,0,0,0
chn_test_track_b_00226,1,1,0,0,1,0
chn_test_track_b_00227,1,1,0,0,0,0
chn_test_track_b_00228,0,0,0,0,1,0
chn_test_track_b_00229,2,1,0,0,0,1
chn_test_track_b_00230,0,0,0,0,0,1
chn_test_track_b_00231,0,0,0,0,0,0
chn_test_track_b_00232,0,0,0,1,0,0
chn_test_track_b_00233,1,1,0,0,0,0
chn_test_track_b_00234,0,0,0,1,0,0
chn_test_track_b_00235,2,0,0,0,0,0
chn_test_track_b_00236,1,0,0,0,0,0
chn_test_track_b_00237,0,0,0,0,0,0
chn_test_track_b_00238,0,0,0,0,1,0
chn_test_track_b_00239,0,0,0,2,0,0
chn_test_track_b_00240,2,0,0,0,0,1
chn_test_track_b_00241,1,0,0,0,1,0
chn_test_track_b_00242,0,0,0,0,0,0
chn_test_track_b_00243,1,0,0,0,0,1
chn_test_track_b_00244,2,0,0,0,0,0
chn_test_track_b_00245,2,0,0,0,0,0
chn_test_track_b_00246,1,0,0,0,0,0
chn_test_track_b_00247,1,0,0,0,0,0
chn_test_track_b_00248,0,0,0,2,0,0
chn_test_track_b_00249,1,0,0,0,0,0
chn_test_track_b_00250,0,0,0,0,0,0
chn_test_track_b_00251,1,0,0,0,0,0
chn_test_track_b_00252,0,0,0,0,0,0
chn_test_track_b_00253,1,0,0,0,0,0
chn_test_track_b_00254,2,0,0,0,0,0
chn_test_track_b_00255,2,0,0,0,0,0
chn_test_track_b_00256,2,0,0,0,0,0
chn_test_track_b_00257,1,1,0,0,0,0
chn_test_track_b_00258,0,0,0,2,0,0
chn_test_track_b_00259,1,1,0,0,0,0
chn_test_track_b_00260,0,0,0,2,0,0
chn_test_track_b_00261,1,0,0,0,0,0
chn_test_track_b_00262,1,1,0,0,0,0
chn_test_track_b_00263,1,1,0,0,0,0
chn_test_track_b_00264,1,0,0,0,0,1
chn_test_track_b_00265,0,0,0,0,0,0
chn_test_track_b_00266,2,0,0,0,0,0
chn_test_track_b_00267,0,0,0,0,0,0
chn_test_track_b_00268,0,0,0,0,0,0
chn_test_track_b_00269,1,0,0,0,0,0
chn_test_track_b_00270,0,0,0,0,0,0
chn_test_track_b_00271,0,0,0,0,1,0
chn_test_track_b_00272,0,0,0,1,1,0
chn_test_track_b_00273,0,0,0,0,0,0
chn_test_track_b_00274,0,0,0,0,2,0
chn_test_track_b_00275,0,0,0,1,0,0
chn_test_track_b_00276,0,0,0,0,0,0
chn_test_track_b_00277,1,0,0,0,0,0
chn_test_track_b_00278,2,1,0,0,0,0
chn_test_track_b_00279,0,0,0,2,0,0
chn_test_track_b_00280,0,0,0,2,0,0
chn_test_track_b_00281,0,0,0,0,1,0
chn_test_track_b_00282,0,0,0,1,0,0
chn_test_track_b_00283,0,0,0,0,2,0
chn_test_track_b_00284,0,0,0,0,1,0
chn_test_track_b_00285,1,0,0,0,0,1
chn_test_track_b_00286,0,0,0,1,0,0
chn_test_track_b_00287,2,1,0,0,0,0
chn_test_track_b_00288,0,0,0,1,0,0
chn_test_track_b_00289,1,0,0,0,0,0
chn_test_track_b_00290,0,0,0,2,0,0
chn_test_track_b_00291,0,0,0,0,0,0
chn_test_track_b_00292,1,1,0,0,0,0
chn_test_track_b_00293,2,1,0,0,0,0
chn_test_track_b_00294,0,0,0,2,0,0
chn_test_track_b_00295,0,0,0,0,1,2
chn_test_track_b_00296,0,0,0,0,1,0
chn_test_track_b_00297,0,0,0,2,0,0
chn_test_track_b_00298,1,0,0,0,0,0
chn_test_track_b_00299,0,0,0,2,0,0
chn_test_track_b_00300,1,0,0,0,1,0
chn_test_track_b_00301,0,0,0,1,0,0
chn_test_track_b_00302,1,0,0,0,0,0
chn_test_track_b_00303,0,0,0,0,1,0
chn_test_track_b_00304,1,1,0,0,0,0
chn_test_track_b_00305,1,0,2,0,0,0
chn_test_track_b_00306,1,0,0,0,0,0
chn_test_track_b_00307,0,0,0,2,0,0
chn_test_track_b_00308,0,0,0,0,1,0
chn_test_track_b_00309,2,0,0,0,0,0
chn_test_track_b_00310,1,0,0,0,0,0
chn_test_track_b_00311,0,0,0,0,1,0
chn_test_track_b_00312,0,0,0,1,0,0
chn_test_track_b_00313,0,0,0,2,0,0
chn_test_track_b_00314,0,0,0,0,2,0
chn_test_track_b_00315,0,0,0,2,0,0
chn_test_track_b_00316,0,0,0,1,0,0
chn_test_track_b_00317,0,0,0,0,0,0
chn_test_track_b_00318,2,0,0,0,0,0
chn_test_track_b_00319,0,0,0,1,0,0
chn_test_track_b_00320,0,0,0,0,0,1
chn_test_track_b_00321,1,0,0,0,0,0
chn_test_track_b_00322,1,1,0,0,0,0
chn_test_track_b_00323,0,0,0,0,0,0
chn_test_track_b_00324,0,0,0,0,0,0
chn_test_track_b_00325,1,0,0,0,0,0
chn_test_track_b_00326,1,0,0,0,2,0
chn_test_track_b_00327,0,0,0,0,0,0
chn_test_track_b_00328,0,0,0,0,0,0
chn_test_track_b_00329,0,0,0,2,0,0
chn_test_track_b_00330,0,0,0,0,0,0
chn_test_track_b_00331,2,1,0,0,0,0
chn_test_track_b_00332,2,0,0,0,0,0
chn_test_track_b_00333,0,0,0,2,0,0
chn_test_track_b_00334,0,0,0,1,1,0
chn_test_track_b_00335,0,0,0,2,0,0
chn_test_track_b_00336,1,1,0,0,0,0
chn_test_track_b_00337,1,0,0,0,0,0
chn_test_track_b_00338,1,1,0,0,1,0
chn_test_track_b_00339,0,1,0,0,0,0
chn_test_track_b_00340,0,0,0,0,0,0
chn_test_track_b_00341,1,0,0,0,1,0
chn_test_track_b_00342,2,0,0,0,0,0
chn_test_track_b_00343,0,0,0,0,0,0
chn_test_track_b_00344,1,0,0,0,0,0
chn_test_track_b_00345,0,0,0,1,0,0
chn_test_track_b_00346,0,0,0,0,1,0
chn_test_track_b_00347,2,0,0,0,0,0
chn_test_track_b_00348,0,0,0,2,0,0
chn_test_track_b_00349,0,0,0,0,0,0
chn_test_track_b_00350,0,0,0,0,0,0
chn_test_track_b_00351,2,0,0,0,0,0
chn_test_track_b_00352,0,0,0,0,0,0
chn_test_track_b_00353,1,0,0,0,0,0
chn_test_track_b_00354,1,0,0,0,0,0
chn_test_track_b_00355,0,0,0,0,2,0
chn_test_track_b_00356,0,0,0,0,0,0
chn_test_track_b_00357,1,0,0,0,0,1
chn_test_track_b_00358,0,0,0,0,0,0
chn_test_track_b_00359,1,1,0,0,0,0
chn_test_track_b_00360,0,0,0,1,0,0
chn_test_track_b_00361,2,0,0,0,0,0
chn_test_track_b_00362,0,0,0,1,0,0
chn_test_track_b_00363,0,0,0,0,0,0
chn_test_track_b_00364,0,0,0,1,1,0
chn_test_track_b_00365,0,0,0,0,2,0
chn_test_track_b_00366,0,0,0,0,0,0
chn_test_track_b_00367,1,1,0,0,0,0
chn_test_track_b_00368,0,0,0,0,0,0
chn_test_track_b_00369,3,2,0,0,0,0
chn_test_track_b_00370,0,0,0,0,0,0
chn_test_track_b_00371,1,0,0,0,0,0
chn_test_track_b_00372,0,0,0,0,0,0
chn_test_track_b_00373,0,0,0,0,0,0
chn_test_track_b_00374,0,0,0,1,0,0
chn_test_track_b_00375,0,0,0,1,0,0
chn_test_track_b_00376,1,0,0,0,0,0
chn_test_track_b_00377,0,0,0,1,0,0
chn_test_track_b_00378,0,0,0,2,0,0
chn_test_track_b_00379,0,0,0,0,0,0
chn_test_track_b_00380,0,0,0,0,0,0
chn_test_track_b_00381,0,0,0,1,1,0
chn_test_track_b_00382,1,1,0,0,1,0
chn_test_track_b_00383,0,0,0,0,0,0
chn_test_track_b_00384,3,0,0,0,0,0
chn_test_track_b_00385,0,0,0,2,0,0
chn_test_track_b_00386,1,0,0,0,0,2
chn_test_track_b_00387,0,0,0,0,0,0
chn_test_track_b_00388,0,0,0,0,0,0
chn_test_track_b_00389,1,1,0,0,0,0
chn_test_track_b_00390,0,0,0,0,0,0
chn_test_track_b_00391,0,0,0,2,0,0
chn_test_track_b_00392,0,0,0,0,0,0
chn_test_track_b_00393,0,0,0,1,0,0
chn_test_track_b_00394,0,0,0,0,0,0
chn_test_track_b_00395,0,0,0,0,0,0
chn_test_track_b_00396,0,0,0,0,1,0
chn_test_track_b_00397,1,0,0,0,0,0
chn_test_track_b_00398,1,0,0,0,0,0
chn_test_track_b_00399,0,0,0,0,1,0
chn_test_track_b_00400,1,0,0,0,0,2
chn_test_track_b_00401,0,0,0,1,0,0
chn_test_track_b_00402,2,1,0,0,0,2
chn_test_track_b_00403,0,0,0,0,0,0
chn_test_track_b_00404,1,0,0,0,0,2
chn_test_track_b_00405,0,0,0,0,0,0
chn_test_track_b_00406,0,0,0,1,0,0
chn_test_track_b_00407,1,1,0,0,0,0
chn_test_track_b_00408,0,0,0,0,0,0
chn_test_track_b_00409,0,0,0,2,0,0
chn_test_track_b_00410,1,0,0,0,0,0
chn_test_track_b_00411,1,0,0,0,0,0
chn_test_track_b_00412,1,0,0,0,0,0
chn_test_track_b_00413,2,0,0,0,0,0
chn_test_track_b_00414,1,1,0,0,0,0
chn_test_track_b_00415,1,1,0,0,0,0
chn_test_track_b_00416,0,0,0,1,1,0
chn_test_track_b_00417,0,0,0,0,0,0
chn_test_track_b_00418,1,0,0,0,0,0
chn_test_track_b_00419,2,1,0,0,0,0
chn_test_track_b_00420,1,0,0,0,1,0
chn_test_track_b_00421,1,0,0,0,0,0
chn_test_track_b_00422,0,0,0,1,0,0
chn_test_track_b_00423,0,0,0,1,0,0
chn_test_track_b_00424,1,1,0,0,0,0
chn_test_track_b_00425,0,0,0,0,0,0
chn_test_track_b_00426,1,1,0,0,0,0
chn_test_track_b_00427,0,0,1,0,0,0
chn_test_track_b_00428,0,0,0,2,0,0
chn_test_track_b_00429,0,0,0,0,0,1
chn_test_track_b_00430,0,0,1,0,0,0
chn_test_track_b_00431,2,1,0,0,0,0
chn_test_track_b_00432,0,0,0,0,0,0
chn_test_track_b_00433,0,0,0,0,0,0
chn_test_track_b_00434,0,0,0,0,1,0
chn_test_track_b_00435,1,1,0,0,0,0
chn_test_track_b_00436,0,0,0,1,0,0
chn_test_track_b_00437,1,1,0,0,0,0
chn_test_track_b_00438,2,0,0,0,0,0
chn_test_track_b_00439,0,0,0,2,0,0
chn_test_track_b_00440,0,0,0,2,0,0
chn_test_track_b_00441,1,0,0,0,0,0
chn_test_track_b_00442,1,0,0,0,0,0
chn_test_track_b_00443,1,0,0,0,0,0
chn_test_track_b_00444,0,0,0,0,0,0
chn_test_track_b_00445,0,0,0,0,0,0
chn_test_track_b_00446,1,0,0,0,0,0
chn_test_track_b_00447,0,0,0,0,0,0
chn_test_track_b_00448,0,0,0,0,0,0
chn_test_track_b_00449,2,1,0,0,0,0
chn_test_track_b_00450,2,0,0,0,0,0
chn_test_track_b_00451,1,1,0,0,0,0
chn_test_track_b_00452,1,0,0,0,0,0
chn_test_track_b_00453,0,0,0,0,0,0
chn_test_track_b_00454,0,0,0,2,0,0
chn_test_track_b_00455,0,0,0,1,0,0
chn_test_track_b_00456,1,0,0,0,0,0
chn_test_track_b_00457,1,1,0,0,0,0
chn_test_track_b_00458,0,0,0,1,0,0
chn_test_track_b_00459,0,0,0,1,0,0
chn_test_track_b_00460,0,0,0,2,0,0
chn_test_track_b_00461,2,0,0,0,0,0
chn_test_track_b_00462,0,0,0,0,0,0
chn_test_track_b_00463,2,0,0,0,0,0
chn_test_track_b_00464,0,0,0,0,1,0
chn_test_track_b_00465,0,0,0,0,0,1
chn_test_track_b_00466,0,0,0,2,0,0
chn_test_track_b_00467,1,0,0,0,0,1
chn_test_track_b_00468,1,0,0,0,0,1
chn_test_track_b_00469,2,2,0,0,0,0
chn_test_track_b_00470,1,0,0,0,0,0
chn_test_track_b_00471,0,0,0,0,0,0
chn_test_track_b_00472,0,0,0,0,0,0
chn_test_track_b_00473,0,0,0,1,0,0
chn_test_track_b_00474,0,0,0,2,0,0
chn_test_track_b_00475,0,0,0,2,0,0
chn_test_track_b_00476,1,0,0,0,0,0
chn_test_track_b_00477,0,0,0,2,0,0
chn_test_track_b_00478,0,0,0,0,2,0
chn_test_track_b_00479,1,0,0,0,1,0
chn_test_track_b_00480,0,0,0,0,0,0
chn_test_track_b_00481,1,0,0,0,0,0
chn_test_track_b_00482,0,0,0,1,0,0
chn_test_track_b_00483,0,0,0,0,1,0
chn_test_track_b_00484,1,0,0,0,0,1
chn_test_track_b_00485,2,0,0,0,0,0
chn_test_track_b_00486,1,1,0,0,0,0
chn_test_track_b_00487,0,0,0,2,0,0
chn_test_track_b_00488,0,0,0,2,0,0
chn_test_track_b_00489,0,0,0,0,1,0
chn_test_track_b_00490,1,0,0,0,0,0
chn_test_track_b_00491,1,0,0,0,0,0
chn_test_track_b_00492,0,0,0,1,0,0
chn_test_track_b_00493,0,0,0,0,1,0
chn_test_track_b_00494,0,0,0,1,0,0
chn_test_track_b_00495,0,0,0,0,0,0
chn_test_track_b_00496,0,0,0,2,0,0
chn_test_track_b_00497,1,1,0,0,0,0
chn_test_track_b_00498,1,1,0,0,0,0
chn_test_track_b_00499,0,0,0,0,0,0
chn_test_track_b_00500,2,1,0,0,0,0
chn_test_track_b_00501,0,0,0,0,0,0
chn_test_track_b_00502,1,1,0,0,1,0
chn_test_track_b_00503,1,1,0,0,1,0
chn_test_track_b_00504,2,0,0,0,0,1
chn_test_track_b_00505,2,1,0,0,0,0
chn_test_track_b_00506,1,0,0,0,0,0
chn_test_track_b_00507,0,0,0,0,0,0
chn_test_track_b_00508,0,0,0,0,2,0
chn_test_track_b_00509,0,0,0,2,0,0
chn_test_track_b_00510,0,0,0,2,0,0
chn_test_track_b_00511,0,0,0,0,0,0
chn_test_track_b_00512,0,0,0,0,0,0
chn_test_track_b_00513,0,0,0,0,0,0
chn_test_track_b_00514,0,0,0,0,0,0
chn_test_track_b_00515,1,0,0,0,0,1
chn_test_track_b_00516,0,0,0,2,0,0
chn_test_track_b_00517,0,0,0,0,0,0
chn_test_track_b_00518,0,0,0,0,0,0
chn_test_track_b_00519,0,0,0,0,0,0
chn_test_track_b_00520,0,0,0,0,0,0
chn_test_track_b_00521,1,1,0,0,0,0
chn_test_track_b_00522,0,0,0,2,0,0
chn_test_track_b_00523,0,0,0,2,0,0
chn_test_track_b_00524,1,1,0,0,0,0
chn_test_track_b_00525,0,0,0,0,0,0
chn_test_track_b_00526,0,0,0,2,0,0
chn_test_track_b_00527,1,0,0,0,0,0
chn_test_track_b_00528,0,0,0,0,0,0
chn_test_track_b_00529,1,0,0,0,0,0
chn_test_track_b_00530,0,0,0,0,0,0
chn_test_track_b_00531,0,0,0,0,0,0
chn_test_track_b_00532,2,0,0,0,0,0
chn_test_track_b_00533,0,0,0,0,0,0
chn_test_track_b_00534,1,1,0,0,0,0
chn_test_track_b_00535,0,0,0,1,0,0
chn_test_track_b_00536,1,0,0,0,0,0
chn_test_track_b_00537,1,0,0,0,0,1
chn_test_track_b_00538,0,0,0,0,1,0
chn_test_track_b_00539,0,0,0,0,0,0
chn_test_track_b_00540,0,0,0,0,1,0
chn_test_track_b_00541,0,0,2,0,1,0
chn_test_track_b_00542,1,0,0,0,0,0
chn_test_track_b_00543,1,1,0,0,0,0
chn_test_track_b_00544,2,0,0,0,0,0
chn_test_track_b_00545,0,0,3,0,0,0
chn_test_track_b_00546,1,1,0,0,0,0
chn_test_track_b_00547,0,0,0,0,1,0
chn_test_track_b_00548,0,0,0,2,0,0
chn_test_track_b_00549,1,0,0,0,0,0
chn_test_track_b_00550,0,0,0,0,0,0
chn_test_track_b_00551,0,0,0,0,2,0
chn_test_track_b_00552,1,0,0,0,0,0
chn_test_track_b_00553,2,0,0,0,0,0
chn_test_track_b_00554,0,0,0,0,1,0
chn_test_track_b_00555,1,1,0,0,0,0
chn_test_track_b_00556,1,0,0,0,0,0
chn_test_track_b_00557,0,0,0,1,0,0
chn_test_track_b_00558,2,0,0,0,0,0
chn_test_track_b_00559,0,0,0,0,2,0
chn_test_track_b_00560,1,0,0,0,0,0
chn_test_track_b_00561,1,0,0,0,1,0
chn_test_track_b_00562,1,0,0,0,0,0
chn_test_track_b_00563,2,2,0,0,0,0
chn_test_track_b_00564,1,0,0,0,0,0
chn_test_track_b_00565,0,0,0,2,0,0
chn_test_track_b_00566,0,0,0,2,0,0
chn_test_track_b_00567,2,0,0,0,0,0
chn_test_track_b_00568,0,0,0,0,0,0
chn_test_track_b_00569,2,1,0,0,0,0
chn_test_track_b_00570,2,0,0,0,0,0
chn_test_track_b_00571,0,0,0,0,2,0
chn_test_track_b_00572,0,0,0,1,0,0
chn_test_track_b_00573,1,0,0,0,0,0
chn_test_track_b_00574,0,0,0,2,0,0
chn_test_track_b_00575,0,0,0,0,0,1
chn_test_track_b_00576,0,0,0,0,1,0
chn_test_track_b_00577,0,0,0,0,0,0
chn_test_track_b_00578,0,0,0,0,1,0
chn_test_track_b_00579,0,0,0,1,0,0
chn_test_track_b_00580,1,0,0,0,0,0
chn_test_track_b_00581,0,0,0,0,0,1
chn_test_track_b_00582,0,0,0,0,0,0
chn_test_track_b_00583,0,0,0,1,0,0
chn_test_track_b_00584,1,2,0,0,0,0
chn_test_track_b_00585,0,0,0,0,0,0
chn_test_track_b_00586,1,0,0,0,0,0
chn_test_track_b_00587,2,1,0,0,0,0
chn_test_track_b_00588,0,0,0,0,1,0
chn_test_track_b_00589,0,0,0,0,0,0
chn_test_track_b_00590,2,0,0,0,0,0
chn_test_track_b_00591,1,0,0,0,0,0
chn_test_track_b_00592,1,0,0,0,0,0
chn_test_track_b_00593,0,0,0,0,1,0
chn_test_track_b_00594,0,0,0,0,1,0
chn_test_track_b_00595,0,0,0,0,1,0
chn_test_track_b_00596,2,0,0,0,0,0
chn_test_track_b_00597,2,0,0,0,1,0
chn_test_track_b_00598,2,0,0,0,0,0
chn_test_track_b_00599,0,1,0,0,0,0
chn_test_track_b_00600,1,1,0,0,0,0
chn_test_track_b_00601,0,0,0,0,1,0
chn_test_track_b_00602,1,1,0,0,0,0
chn_test_track_b_00603,1,0,0,0,0,0
chn_test_track_b_00604,0,0,0,0,0,0
chn_test_track_b_00605,0,0,0,0,1,0
chn_test_track_b_00606,1,1,0,0,0,0
chn_test_track_b_00607,2,1,0,0,0,0
chn_test_track_b_00608,1,1,0,0,0,0
chn_test_track_b_00609,0,0,0,0,0,0
chn_test_track_b_00610,0,0,0,0,1,0
chn_test_track_b_00611,1,0,0,0,0,0
chn_test_track_b_00612,0,0,0,2,0,0
chn_test_track_b_00613,1,1,0,0,0,0
chn_test_track_b_00614,0,0,0,1,0,0
chn_test_track_b_00615,2,0,0,0,0,0
chn_test_track_b_00616,0,0,0,0,0,0
chn_test_track_b_00617,1,0,0,0,0,0
chn_test_track_b_00618,0,0,0,2,0,0
chn_test_track_b_00619,1,0,0,0,0,0
chn_test_track_b_00620,0,0,0,1,0,0
chn_test_track_b_00621,0,0,0,0,0,0
chn_test_track_b_00622,0,0,0,0,1,0
chn_test_track_b_00623,0,0,2,0,0,0
chn_test_track_b_00624,1,0,0,0,0,1
chn_test_track_b_00625,0,0,0,2,0,0
chn_test_track_b_00626,2,0,0,0,0,1
chn_test_track_b_00627,0,0,0,2,0,0
chn_test_track_b_00628,1,1,0,0,0,0
chn_test_track_b_00629,0,0,0,0,0,0
chn_test_track_b_00630,0,0,0,0,0,0
chn_test_track_b_00631,0,0,0,1,0,0
chn_test_track_b_00632,3,1,0,0,0,0
chn_test_track_b_00633,1,0,0,0,0,0
chn_test_track_b_00634,0,0,0,0,0,2
chn_test_track_b_00635,0,0,0,2,0,0
chn_test_track_b_00636,0,0,0,0,0,0
chn_test_track_b_00637,2,0,0,0,0,0
chn_test_track_b_00638,0,0,0,0,0,0
chn_test_track_b_00639,0,0,0,2,0,0
chn_test_track_b_00640,1,1,0,0,0,0
chn_test_track_b_00641,0,0,0,2,0,0
chn_test_track_b_00642,0,0,0,0,1,0
chn_test_track_b_00643,1,0,0,0,0,0
chn_test_track_b_00644,2,0,0,0,0,0
chn_test_track_b_00645,2,0,0,0,0,0
chn_test_track_b_00646,0,0,0,0,0,1
chn_test_track_b_00647,1,0,0,0,0,1
chn_test_track_b_00648,1,0,0,0,0,0
chn_test_track_b_00649,0,0,0,0,0,0
chn_test_track_b_00650,0,0,0,0,0,2
chn_test_track_b_00651,0,0,0,0,1,0
chn_test_track_b_00652,1,0,0,0,0,0
chn_test_track_b_00653,2,0,0,0,0,0
chn_test_track_b_00654,1,0,0,0,0,0
chn_test_track_b_00655,0,0,0,0,0,0
chn_test_track_b_00656,0,0,0,1,0,0
chn_test_track_b_00657,0,0,0,1,0,0
chn_test_track_b_00658,0,0,0,0,0,0
chn_test_track_b_00659,1,1,0,0,0,0
chn_test_track_b_00660,0,0,0,0,1,0
chn_test_track_b_00661,0,0,0,0,0,0
chn_test_track_b_00662,0,0,0,2,0,0
chn_test_track_b_00663,2,1,0,0,0,0
chn_test_track_b_00664,0,0,0,0,1,0
chn_test_track_b_00665,0,0,0,0,0,0
chn_test_track_b_00666,0,0,0,3,0,0
chn_test_track_b_00667,1,0,0,0,1,0
chn_test_track_b_00668,1,0,2,0,0,0
chn_test_track_b_00669,0,0,0,0,1,0
chn_test_track_b_00670,0,0,0,1,0,0
chn_test_track_b_00671,1,1,0,0,0,0
chn_test_track_b_00672,0,0,0,2,0,0
chn_test_track_b_00673,1,1,0,0,0,0
chn_test_track_b_00674,1,1,0,0,1,0
chn_test_track_b_00675,1,0,0,0,0,0
chn_test_track_b_00676,0,0,0,2,0,0
chn_test_track_b_00677,1,0,0,0,0,0
chn_test_track_b_00678,0,0,0,0,0,0
chn_test_track_b_00679,0,0,0,2,0,0
chn_test_track_b_00680,0,0,0,2,0,0
chn_test_track_b_00681,1,0,0,0,0,1
chn_test_track_b_00682,0,0,0,0,0,0
chn_test_track_b_00683,0,0,0,0,0,0
chn_test_track_b_00684,0,0,0,2,0,0
chn_test_track_b_00685,1,0,0,0,0,0
chn_test_track_b_00686,0,0,0,1,0,0
chn_test_track_b_00687,2,0,0,0,0,0
chn_test_track_b_00688,0,0,0,0,0,0
chn_test_track_b_00689,1,0,0,0,0,0
chn_test_track_b_00690,1,0,0,0,1,0
chn_test_track_b_00691,2,1,0,0,0,0
chn_test_track_b_00692,0,0,0,2,0,0
chn_test_track_b_00693,0,0,0,0,1,0
chn_test_track_b_00694,1,1,0,0,0,0
chn_test_track_b_00695,0,0,1,0,0,0
chn_test_track_b_00696,0,0,0,0,0,0
chn_test_track_b_00697,0,0,0,1,0,0
chn_test_track_b_00698,2,0,0,0,0,0
chn_test_track_b_00699,0,0,0,0,0,0
chn_test_track_b_00700,1,0,0,0,0,0
chn_test_track_b_00701,1,1,0,0,0,0
chn_test_track_b_00702,0,0,0,1,0,0
chn_test_track_b_00703,0,0,0,2,0,0
chn_test_track_b_00704,0,0,0,0,1,0
chn_test_track_b_00705,0,0,0,0,0,0
chn_test_track_b_00706,2,1,0,0,0,0
chn_test_track_b_00707,0,0,0,1,0,0
chn_test_track_b_00708,0,0,0,1,0,0
chn_test_track_b_00709,0,0,0,2,0,0
chn_test_track_b_00710,1,0,0,0,1,0
chn_test_track_b_00711,2,0,0,0,0,0
chn_test_track_b_00712,1,1,0,0,0,0
chn_test_track_b_00713,1,1,0,0,0,0
chn_test_track_b_00714,1,1,0,0,0,0
chn_test_track_b_00715,0,0,0,0,0,0
chn_test_track_b_00716,0,1,0,0,0,0
chn_test_track_b_00717,1,0,0,0,0,1
chn_test_track_b_00718,1,0,1,0,1,0
chn_test_track_b_00719,1,0,0,0,0,0
chn_test_track_b_00720,0,0,0,0,0,0
chn_test_track_b_00721,0,0,0,0,1,0
chn_test_track_b_00722,1,1,0,0,0,0
chn_test_track_b_00723,1,1,0,0,0,0
chn_test_track_b_00724,2,1,0,0,0,1
chn_test_track_b_00725,0,0,0,0,0,0
chn_test_track_b_00726,1,0,0,0,0,0
chn_test_track_b_00727,0,0,0,1,0,0
chn_test_track_b_00728,2,0,0,0,0,0
chn_test_track_b_00729,0,0,0,2,0,0
chn_test_track_b_00730,0,0,0,0,0,0
chn_test_track_b_00731,0,0,0,0,0,0
chn_test_track_b_00732,1,0,0,0,0,0
chn_test_track_b_00733,2,0,0,0,0,0
chn_test_track_b_00734,1,0,0,0,0,0
chn_test_track_b_00735,1,1,0,0,0,0
chn_test_track_b_00736,0,0,0,0,1,0
chn_test_track_b_00737,1,0,0,0,0,0
chn_test_track_b_00738,0,0,0,1,0,0
chn_test_track_b_00739,1,0,0,0,0,0
chn_test_track_b_00740,0,0,0,0,0,0
chn_test_track_b_00741,1,0,0,0,0,1
chn_test_track_b_00742,2,1,0,0,0,0
chn_test_track_b_00743,2,0,0,0,1,0
chn_test_track_b_00744,1,0,0,0,0,1
chn_test_track_b_00745,0,0,0,2,0,0
chn_test_track_b_00746,1,1,0,0,0,0
chn_test_track_b_00747,0,0,0,0,0,0
chn_test_track_b_00748,1,0,0,0,1,0
chn_test_track_b_00749,0,0,0,1,0,0
chn_test_track_b_00750,1,0,0,0,0,0
chn_test_track_b_00751,1,1,0,0,0,0
chn_test_track_b_00752,1,0,1,0,1,0
chn_test_track_b_00753,1,0,0,0,0,0
chn_test_track_b_00754,0,0,0,2,0,0
chn_test_track_b_00755,1,1,0,0,0,0
chn_test_track_b_00756,0,0,0,2,0,0
chn_test_track_b_00757,0,0,0,1,0,0
chn_test_track_b_00758,0,0,0,1,0,0
chn_test_track_b_00759,0,0,0,1,0,0
chn_test_track_b_00760,2,1,0,0,0,0
chn_test_track_b_00761,2,0,0,0,0,0
chn_test_track_b_00762,1,1,0,0,0,0
chn_test_track_b_00763,2,0,0,0,0,0
chn_test_track_b_00764,0,0,0,0,0,0
chn_test_track_b_00765,0,0,0,2,0,0
chn_test_track_b_00766,1,1,0,0,0,0
chn_test_track_b_00767,1,0,0,0,0,0
chn_test_track_b_00768,1,1,0,0,0,0
chn_test_track_b_00769,0,0,0,0,0,0
chn_test_track_b_00770,0,0,0,0,0,0
chn_test_track_b_00771,0,0,0,0,0,0
chn_test_track_b_00772,1,0,0,0,0,0
chn_test_track_b_00773,1,0,0,0,0,0
chn_test_track_b_00774,0,0,0,1,0,0
chn_test_track_b_00775,0,0,0,0,0,0
chn_test_track_b_00776,1,1,0,0,0,0
chn_test_track_b_00777,1,0,0,0,0,0
chn_test_track_b_00778,1,0,0,0,1,1
chn_test_track_b_00779,2,0,0,0,0,0
chn_test_track_b_00780,0,0,0,0,0,0
chn_test_track_b_00781,0,0,0,2,0,0
chn_test_track_b_00782,1,0,0,0,1,0
chn_test_track_b_00783,0,0,0,0,0,0
chn_test_track_b_00784,1,0,0,0,0,0
chn_test_track_b_00785,1,0,0,1,0,0
chn_test_track_b_00786,1,1,0,0,0,0
chn_test_track_b_00787,0,0,0,0,0,0
chn_test_track_b_00788,0,0,0,0,0,0
chn_test_track_b_00789,0,0,0,0,2,0
chn_test_track_b_00790,0,0,0,1,0,0
chn_test_track_b_00791,0,0,0,0,0,0
chn_test_track_b_00792,0,0,0,0,1,0
chn_test_track_b_00793,0,0,0,0,0,0
chn_test_track_b_00794,0,0,0,2,0,0
chn_test_track_b_00795,0,0,0,0,0,0
chn_test_track_b_00796,1,1,0,0,0,0
chn_test_track_b_00797,1,0,0,0,0,0
chn_test_track_b_00798,2,0,0,0,0,0
chn_test_track_b_00799,0,0,0,0,0,0
chn_test_track_b_00800,0,0,0,0,0,0
chn_test_track_b_00801,1,0,0,0,0,0
chn_test_track_b_00802,0,0,0,2,0,0
chn_test_track_b_00803,0,0,0,0,0,0
chn_test_track_b_00804,0,0,0,0,1,0
chn_test_track_b_00805,0,0,0,0,0,0
chn_test_track_b_00806,0,0,0,0,0,0
chn_test_track_b_00807,1,1,0,0,0,0
chn_test_track_b_00808,0,0,0,0,2,0
chn_test_track_b_00809,0,0,0,1,0,0
chn_test_track_b_00810,0,0,0,2,0,0
chn_test_track_b_00811,1,0,0,0,0,0
chn_test_track_b_00812,1,0,0,0,0,0
chn_test_track_b_00813,0,0,0,0,0,0
chn_test_track_b_00814,0,0,1,0,1,0
chn_test_track_b_00815,1,0,0,0,0,0
chn_test_track_b_00816,1,0,0,0,0,0
chn_test_track_b_00817,2,0,0,0,0,0
chn_test_track_b_00818,1,0,0,0,0,0
chn_test_track_b_00819,0,0,0,0,0,0
chn_test_track_b_00820,0,0,0,0,1,0
chn_test_track_b_00821,1,0,0,0,0,0
chn_test_track_b_00822,2,0,0,0,0,0
chn_test_track_b_00823,1,0,0,0,0,0
chn_test_track_b_00824,2,0,0,0,0,0
chn_test_track_b_00825,0,0,0,0,0,0
chn_test_track_b_00826,1,0,0,0,0,0
chn_test_track_b_00827,0,0,0,1,0,0
chn_test_track_b_00828,0,0,2,0,0,0
chn_test_track_b_00829,0,0,0,0,0,1
chn_test_track_b_00830,1,0,0,0,0,1
chn_test_track_b_00831,1,0,0,0,1,0
chn_test_track_b_00832,1,0,0,0,2,0
chn_test_track_b_00833,1,0,0,0,0,0
chn_test_track_b_00834,2,0,0,0,0,0
chn_test_track_b_00835,0,0,0,0,0,0
chn_test_track_b_00836,0,0,0,1,0,0
chn_test_track_b_00837,0,0,0,1,0,0
chn_test_track_b_00838,0,0,3,0,0,0
chn_test_track_b_00839,0,0,0,0,0,0
chn_test_track_b_00840,0,0,0,1,0,0
chn_test_track_b_00841,2,1,0,0,0,0
chn_test_track_b_00842,2,0,0,0,0,0
chn_test_track_b_00843,0,0,0,2,0,0
chn_test_track_b_00844,2,0,0,0,0,0
chn_test_track_b_00845,0,0,0,0,1,0
chn_test_track_b_00846,1,0,0,0,0,0
chn_test_track_b_00847,1,0,0,0,1,0
chn_test_track_b_00848,2,1,0,0,1,0
chn_test_track_b_00849,0,0,0,0,2,0
chn_test_track_b_00850,0,0,0,2,0,0
chn_test_track_b_00851,0,0,0,0,0,0
chn_test_track_b_00852,0,0,0,1,0,0
chn_test_track_b_00853,0,0,0,1,0,0
chn_test_track_b_00854,0,0,0,0,0,0
chn_test_track_b_00855,2,0,0,0,0,0
chn_test_track_b_00856,0,0,0,2,0,0
chn_test_track_b_00857,0,0,0,2,0,0
chn_test_track_b_00858,1,0,0,0,1,0
chn_test_track_b_00859,0,0,0,0,0,1
chn_test_track_b_00860,1,0,0,0,0,0
chn_test_track_b_00861,1,0,0,0,0,0
chn_test_track_b_00862,2,0,0,0,0,0
chn_test_track_b_00863,0,0,0,0,1,0
chn_test_track_b_00864,1,0,0,0,0,0
chn_test_track_b_00865,0,0,0,0,0,0
chn_test_track_b_00866,0,0,0,0,0,0
chn_test_track_b_00867,2,0,0,0,0,0
chn_test_track_b_00868,0,2,0,0,0,0
chn_test_track_b_00869,1,0,0,0,0,1
chn_test_track_b_00870,2,0,0,0,0,0
chn_test_track_b_00871,0,0,0,2,0,0
chn_test_track_b_00872,0,0,0,0,2,0
chn_test_track_b_00873,0,0,0,0,0,1
chn_test_track_b_00874,0,0,0,1,1,0
chn_test_track_b_00875,0,0,0,1,0,0
chn_test_track_b_00876,1,0,0,0,1,0
chn_test_track_b_00877,0,0,0,0,1,0
chn_test_track_b_00878,0,0,0,0,0,0
chn_test_track_b_00879,0,0,0,0,0,0
chn_test_track_b_00880,0,0,0,0,0,0
chn_test_track_b_00881,0,0,0,0,0,0
chn_test_track_b_00882,0,2,0,0,0,0
chn_test_track_b_00883,0,1,0,0,0,0
chn_test_track_b_00884,3,1,0,0,0,0
chn_test_track_b_00885,0,0,0,0,1,0
chn_test_track_b_00886,1,1,0,0,0,0
chn_test_track_b_00887,2,0,0,0,0,0
chn_test_track_b_00888,0,0,0,1,0,0
chn_test_track_b_00889,0,0,0,1,1,0
chn_test_track_b_00890,1,1,0,0,0,0
chn_test_track_b_00891,2,0,0,0,1,0
chn_test_track_b_00892,0,0,0,2,0,0
chn_test_track_b_00893,1,0,0,0,0,0
chn_test_track_b_00894,0,0,0,1,0,0
chn_test_track_b_00895,2,0,0,0,0,0
chn_test_track_b_00896,0,0,1,0,1,0
chn_test_track_b_00897,0,0,0,2,0,0
chn_test_track_b_00898,2,0,0,0,0,0
chn_test_track_b_00899,0,0,0,1,0,0
chn_test_track_b_00900,0,0,0,0,0,0
chn_test_track_b_00901,0,0,0,2,0,0
chn_test_track_b_00902,0,0,0,2,0,0
chn_test_track_b_00903,0,0,0,1,0,0
chn_test_track_b_00904,1,1,0,0,0,0
chn_test_track_b_00905,0,0,0,0,0,0
chn_test_track_b_00906,0,0,0,1,1,0
chn_test_track_b_00907,2,0,0,0,0,0
chn_test_track_b_00908,1,0,0,0,0,0
chn_test_track_b_00909,1,0,0,0,0,0
chn_test_track_b_00910,0,0,1,0,1,0
chn_test_track_b_00911,0,0,0,2,0,0
chn_test_track_b_00912,0,0,0,0,2,0
chn_test_track_b_00913,2,0,0,0,0,1
chn_test_track_b_00914,0,0,0,0,2,0
chn_test_track_b_00915,1,0,0,0,0,0
chn_test_track_b_00916,1,0,0,0,0,0
chn_test_track_b_00917,0,0,0,0,1,0
chn_test_track_b_00918,1,0,0,0,1,0
chn_test_track_b_00919,2,0,0,0,0,0
chn_test_track_b_00920,1,0,0,0,0,0
chn_test_track_b_00921,0,0,0,0,1,0
chn_test_track_b_00922,2,0,0,0,0,0
chn_test_track_b_00923,0,0,0,0,0,1
chn_test_track_b_00924,0,0,0,0,0,0
chn_test_track_b_00925,0,0,0,0,0,0
chn_test_track_b_00926,0,0,0,0,0,0
chn_test_track_b_00927,2,0,1,0,1,1
chn_test_track_b_00928,0,0,0,0,0,0
chn_test_track_b_00929,1,0,0,0,0,1
chn_test_track_b_00930,0,0,0,0,0,1
chn_test_track_b_00931,2,1,0,0,0,0
chn_test_track_b_00932,1,0,0,0,0,0
chn_test_track_b_00933,0,0,0,1,0,0
chn_test_track_b_00934,0,0,0,2,0,0
chn_test_track_b_00935,0,0,0,0,0,0
chn_test_track_b_00936,1,1,0,0,1,0
chn_test_track_b_00937,1,0,0,0,0,0
chn_test_track_b_00938,0,0,0,0,0,0
chn_test_track_b_00939,1,0,0,0,0,0
chn_test_track_b_00940,0,0,0,0,0,0
chn_test_track_b_00941,0,0,0,0,0,0
chn_test_track_b_00942,0,0,0,1,0,0
chn_test_track_b_00943,1,0,0,0,0,0
chn_test_track_b_00944,2,1,0,0,0,1
chn_test_track_b_00945,1,1,0,0,0,0
chn_test_track_b_00946,0,0,0,0,0,0
chn_test_track_b_00947,1,1,0,0,0,0
chn_test_track_b_00948,0,0,0,0,0,0
chn_test_track_b_00949,0,0,0,2,0,0
chn_test_track_b_00950,2,0,0,0,0,0
chn_test_track_b_00951,2,0,0,0,0,0
chn_test_track_b_00952,0,0,0,0,0,0
chn_test_track_b_00953,1,0,0,0,0,0
chn_test_track_b_00954,0,0,0,0,0,0
chn_test_track_b_00955,0,0,0,2,0,0
chn_test_track_b_00956,0,0,0,0,0,0
chn_test_track_b_00957,1,0,0,0,0,2
chn_test_track_b_00958,0,0,0,2,0,0
chn_test_track_b_00959,1,0,0,0,0,0
chn_test_track_b_00960,1,0,0,0,0,0
chn_test_track_b_00961,1,0,0,0,1,0
chn_test_track_b_00962,0,0,0,2,0,0
chn_test_track_b_00963,0,0,0,0,0,0
chn_test_track_b_00964,0,0,0,2,0,0
chn_test_track_b_00965,0,0,0,2,0,0
chn_test_track_b_00966,2,0,0,0,0,0
chn_test_track_b_00967,0,0,0,3,0,0
chn_test_track_b_00968,0,0,0,0,0,0
chn_test_track_b_00969,2,1,0,0,0,1
chn_test_track_b_00970,2,1,0,0,0,1
chn_test_track_b_00971,0,0,0,2,0,0
chn_test_track_b_00972,0,0,0,0,1,0
chn_test_track_b_00973,0,0,0,0,0,0
chn_test_track_b_00974,0,0,0,0,0,0
chn_test_track_b_00975,1,0,0,0,0,1
chn_test_track_b_00976,1,0,0,0,0,1
chn_test_track_b_00977,1,0,0,0,0,0
chn_test_track_b_00978,0,0,0,0,0,0
chn_test_track_b_00979,1,0,1,0,1,0
chn_test_track_b_00980,1,1,0,0,0,0
chn_test_track_b_00981,0,0,0,2,0,0
chn_test_track_b_00982,1,1,0,0,0,0
chn_test_track_b_00983,2,1,0,0,0,0
chn_test_track_b_00984,0,0,0,0,0,0
chn_test_track_b_00985,0,0,0,0,0,0
chn_test_track_b_00986,0,1,0,0,0,0
chn_test_track_b_00987,0,0,0,1,0,0
chn_test_track_b_00988,0,0,0,1,0,0
chn_test_track_b_00989,0,0,0,2,0,0
chn_test_track_b_00990,0,0,0,0,0,0
chn_test_track_b_00991,0,0,0,3,0,0
chn_test_track_b_00992,1,1,0,0,0,0
chn_test_track_b_00993,1,1,0,0,0,0
chn_test_track_b_00994,1,1,0,0,0,0
chn_test_track_b_00995,0,0,1,0,0,0
chn_test_track_b_00996,0,0,0,0,0,0
chn_test_track_b_00997,2,0,0,0,0,0
chn_test_track_b_00998,1,0,0,0,0,0
chn_test_track_b_00999,0,0,0,0,1,0
chn_test_track_b_01000,0,0,0,0,1,0
chn_test_track_b_01001,0,0,0,0,0,0
chn_test_track_b_01002,0,0,0,0,0,0
chn_test_track_b_01003,0,0,0,2,0,0
chn_test_track_b_01004,0,0,0,0,0,0
chn_test_track_b_01005,0,0,0,0,0,0
chn_test_track_b_01006,0,0,0,2,0,0
chn_test_track_b_01007,0,0,0,0,0,0
chn_test_track_b_01008,1,0,1,0,0,0
chn_test_track_b_01009,0,0,0,0,0,0
chn_test_track_b_01010,2,1,0,0,0,0
chn_test_track_b_01011,0,0,0,0,0,0
chn_test_track_b_01012,0,0,0,1,0,0
chn_test_track_b_01013,1,0,0,0,0,0
chn_test_track_b_01014,1,0,0,0,0,0
chn_test_track_b_01015,2,0,0,0,0,0
chn_test_track_b_01016,0,0,1,0,1,0
chn_test_track_b_01017,0,1,0,0,1,0
chn_test_track_b_01018,2,0,0,0,1,0
chn_test_track_b_01019,1,1,0,0,0,0
chn_test_track_b_01020,0,0,0,2,0,0
chn_test_track_b_01021,0,0,0,0,0,0
chn_test_track_b_01022,0,0,0,2,0,0
chn_test_track_b_01023,1,0,0,0,0,1
chn_test_track_b_01024,0,0,0,0,0,0
chn_test_track_b_01025,2,0,0,0,0,0
chn_test_track_b_01026,0,0,0,0,0,0
chn_test_track_b_01027,1,0,0,0,0,0
chn_test_track_b_01028,0,0,0,0,0,0
chn_test_track_b_01029,1,0,0,0,0,0
chn_test_track_b_01030,0,0,0,2,0,0
chn_test_track_b_01031,0,0,0,2,0,0
chn_test_track_b_01032,3,1,0,0,0,0
chn_test_track_b_01033,1,0,0,0,0,1
chn_test_track_b_01034,1,0,0,0,0,0
chn_test_track_b_01035,0,0,0,0,1,0
chn_test_track_b_01036,1,0,0,0,1,0
chn_test_track_b_01037,0,0,0,0,0,0
chn_test_track_b_01038,1,1,0,0,0,0
chn_test_track_b_01039,1,0,0,0,0,0
chn_test_track_b_01040,1,0,0,0,0,0
chn_test_track_b_01041,0,0,0,0,0,1
chn_test_track_b_01042,0,0,0,1,0,0
chn_test_track_b_01043,2,1,0,0,0,0
chn_test_track_b_01044,0,0,0,0,0,0
chn_test_track_b_01045,2,0,0,0,0,0
chn_test_track_b_01046,0,0,0,2,0,0
chn_test_track_b_01047,0,0,0,2,0,0
chn_test_track_b_01048,0,0,0,0,0,0
chn_test_track_b_01049,0,0,0,0,1,0
chn_test_track_b_01050,3,0,0,0,0,1
chn_test_track_b_01051,0,0,0,0,0,0
chn_test_track_b_01052,0,0,0,0,2,0
chn_test_track_b_01053,0,0,0,0,1,0
chn_test_track_b_01054,1,0,0,0,1,0
chn_test_track_b_01055,0,0,0,0,0,0
chn_test_track_b_01056,2,1,0,0,0,0
chn_test_track_b_01057,0,0,0,0,0,1
chn_test_track_b_01058,3,0,0,0,0,0
chn_test_track_b_01059,1,1,0,0,1,0
chn_test_track_b_01060,0,0,0,0,0,0
chn_test_track_b_01061,0,0,0,0,0,0
chn_test_track_b_01062,0,0,0,2,0,0
chn_test_track_b_01063,0,0,0,2,0,0
chn_test_track_b_01064,1,0,0,0,0,1
chn_test_track_b_01065,0,0,0,2,0,0
chn_test_track_b_01066,0,0,0,2,0,0
chn_test_track_b_01067,0,0,0,0,0,0
chn_test_track_b_01068,1,0,0,0,0,0
chn_test_track_b_01069,0,0,0,1,0,0
chn_test_track_b_01070,1,1,0,0,0,0
chn_test_track_b_01071,0,0,0,0,0,0
chn_test_track_b_01072,0,0,0,2,0,0
chn_test_track_b_01073,0,0,0,1,0,0
chn_test_track_b_01074,1,0,1,0,0,0
chn_test_track_b_01075,0,0,0,0,0,0
chn_test_track_b_01076,0,0,0,2,0,0
chn_test_track_b_01077,0,0,0,0,0,0
chn_test_track_b_01078,0,0,0,0,0,0
chn_test_track_b_01079,1,0,0,1,0,0
chn_test_track_b_01080,1,0,0,0,0,0
chn_test_track_b_01081,1,0,0,0,0,0
chn_test_track_b_01082,1,1,0,0,0,0
chn_test_track_b_01083,0,0,0,0,1,0
chn_test_track_b_01084,0,0,0,3,0,0
chn_test_track_b_01085,0,0,0,0,1,0
chn_test_track_b_01086,2,0,0,0,0,0
chn_test_track_b_01087,1,0,0,1,0,0
chn_test_track_b_01088,0,0,0,2,0,0
chn_test_track_b_01089,0,0,0,2,0,0
chn_test_track_b_01090,0,0,0,0,0,0
chn_test_track_b_01091,1,0,0,0,0,0
chn_test_track_b_01092,1,0,0,0,0,0
chn_test_track_b_01093,1,0,0,0,0,0
chn_test_track_b_01094,2,0,0,0,0,0
chn_test_track_b_01095,0,0,0,2,0,0
chn_test_track_b_01096,0,0,0,0,0,0
chn_test_track_b_01097,0,0,0,0,0,0
chn_test_track_b_01098,2,0,0,0,0,0
chn_test_track_b_01099,0,0,0,0,0,0
chn_test_track_b_01100,0,0,0,0,1,0
chn_test_track_b_01101,0,0,0,0,0,0
chn_test_track_b_01102,0,0,0,0,0,0
chn_test_track_b_01103,0,0,0,2,0,0
chn_test_track_b_01104,1,1,0,0,0,0
chn_test_track_b_01105,1,0,0,0,0,0
chn_test_track_b_01106,2,0,0,0,0,0
chn_test_track_b_01107,2,0,0,0,0,0
chn_test_track_b_01108,1,0,0,0,1,0
chn_test_track_b_01109,1,0,0,0,1,0
chn_test_track_b_01110,2,0,0,0,0,0
chn_test_track_b_01111,0,0,0,1,0,0
chn_test_track_b_01112,1,1,0,0,0,0
chn_test_track_b_01113,0,0,0,0,0,0
chn_test_track_b_01114,0,0,0,1,0,0
chn_test_track_b_01115,1,0,0,0,0,0
chn_test_track_b_01116,1,1,0,0,0,0
chn_test_track_b_01117,2,1,0,0,0,0
chn_test_track_b_01118,0,0,0,2,0,0
chn_test_track_b_01119,2,1,0,0,0,0
chn_test_track_b_01120,0,0,0,0,0,0
chn_test_track_b_01121,1,0,0,0,0,0
chn_test_track_b_01122,1,0,0,0,0,0
chn_test_track_b_01123,0,0,0,0,0,0
chn_test_track_b_01124,1,0,0,0,0,0
chn_test_track_b_01125,1,0,0,0,0,0
chn_test_track_b_01126,0,0,0,1,0,0
chn_test_track_b_01127,0,0,0,1,0,0
chn_test_track_b_01128,1,0,0,0,0,0
chn_test_track_b_01129,1,0,0,0,0,1
chn_test_track_b_01130,2,0,0,0,0,0
chn_test_track_b_01131,1,0,0,0,0,0
chn_test_track_b_01132,1,0,0,0,0,0
chn_test_track_b_01133,1,0,0,0,0,0
chn_test_track_b_01134,1,1,0,0,0,0
chn_test_track_b_01135,0,0,0,2,0,0
chn_test_track_b_01136,0,0,0,2,0,0
chn_test_track_b_01137,1,0,0,0,0,0
chn_test_track_b_01138,2,1,0,0,0,0
chn_test_track_b_01139,0,0,0,2,0,0
chn_test_track_b_01140,2,0,0,0,1,0
chn_test_track_b_01141,2,0,0,0,0,0
chn_test_track_b_01142,0,0,0,0,2,0
chn_test_track_b_01143,1,0,0,0,0,0
chn_test_track_b_01144,0,0,0,0,1,0
chn_test_track_b_01145,2,0,0,0,0,1
chn_test_track_b_01146,1,1,0,0,0,0
chn_test_track_b_01147,0,0,0,0,0,0
chn_test_track_b_01148,2,0,0,0,0,0
chn_test_track_b_01149,2,0,0,0,2,0
chn_test_track_b_01150,1,0,0,0,0,0
chn_test_track_b_01151,1,0,0,0,0,0
chn_test_track_b_01152,1,1,0,0,0,0
chn_test_track_b_01153,0,0,0,2,0,0
chn_test_track_b_01154,1,0,0,0,0,0
chn_test_track_b_01155,1,0,0,0,0,0
chn_test_track_b_01156,0,0,0,1,0,0
chn_test_track_b_01157,1,0,0,0,0,0
chn_test_track_b_01158,1,1,0,0,0,0
chn_test_track_b_01159,1,0,0,0,0,0
chn_test_track_b_01160,0,0,0,2,0,0
chn_test_track_b_01161,1,0,0,0,1,0
chn_test_track_b_01162,2,0,0,0,1,0
chn_test_track_b_01163,0,0,0,2,0,0
chn_test_track_b_01164,0,0,0,0,0,0
chn_test_track_b_01165,0,0,1,0,0,0
chn_test_track_b_01166,0,0,0,0,0,0
chn_test_track_b_01167,1,1,0,0,0,0
chn_test_track_b_01168,2,0,0,0,1,2
chn_test_track_b_01169,2,0,0,0,0,0
chn_test_track_b_01170,0,0,0,0,1,0
chn_test_track_b_01171,1,0,0,0,0,0
chn_test_track_b_01172,0,0,0,0,0,0
chn_test_track_b_01173,0,0,0,0,1,0
chn_test_track_b_01174,1,1,0,0,0,0
chn_test_track_b_01175,0,0,0,0,1,0
chn_test_track_b_01176,0,0,0,1,0,0
chn_test_track_b_01177,0,1,0,0,0,0
chn_test_track_b_01178,2,1,0,0,0,0
chn_test_track_b_01179,1,0,0,0,0,0
chn_test_track_b_01180,0,0,0,0,0,0
chn_test_track_b_01181,1,0,0,0,1,0
chn_test_track_b_01182,0,0,0,0,0,0
chn_test_track_b_01183,1,0,0,0,0,0
chn_test_track_b_01184,0,0,0,0,2,0
chn_test_track_b_01185,1,0,0,0,0,0
chn_test_track_b_01186,2,1,0,0,0,0
chn_test_track_b_01187,0,0,0,0,1,0
chn_test_track_b_01188,1,0,0,0,0,0
chn_test_track_b_01189,0,0,0,0,0,1
chn_test_track_b_01190,0,0,0,0,0,0
chn_test_track_b_01191,1,0,0,0,0,0
chn_test_track_b_01192,1,1,0,0,0,0
chn_test_track_b_01193,3,0,0,0,0,0
chn_test_track_b_01194,0,0,0,0,1,0
chn_test_track_b_01195,0,1,0,0,0,0
chn_test_track_b_01196,0,0,1,0,1,0
chn_test_track_b_01197,0,0,0,2,0,0
chn_test_track_b_01198,0,0,0,2,0,0
chn_test_track_b_01199,1,0,1,0,0,0
chn_test_track_b_01200,0,1,0,0,0,0
chn_test_track_b_01201,0,0,0,0,0,0
chn_test_track_b_01202,0,0,0,1,2,0
chn_test_track_b_01203,1,0,0,0,0,0
chn_test_track_b_01204,2,0,0,0,0,1
chn_test_track_b_01205,2,0,0,0,0,0
chn_test_track_b_01206,1,0,0,0,0,0
chn_test_track_b_01207,0,0,0,1,0,0
chn_test_track_b_01208,0,0,0,2,0,0
chn_test_track_b_01209,0,0,0,1,0,0
chn_test_track_b_01210,0,0,0,2,0,0
chn_test_track_b_01211,2,0,0,0,0,0
chn_test_track_b_01212,1,0,1,0,0,0
chn_test_track_b_01213,0,0,0,2,0,0
chn_test_track_b_01214,1,0,0,0,0,0
chn_test_track_b_01215,0,0,0,2,0,0
chn_test_track_b_01216,0,0,0,0,0,0
chn_test_track_b_01217,1,0,0,0,1,0
chn_test_track_b_01218,2,0,0,0,0,0
chn_test_track_b_01219,1,0,0,0,0,0
chn_test_track_b_01220,1,0,0,0,0,0
chn_test_track_b_01221,1,1,0,0,0,1
chn_test_track_b_01222,0,0,0,2,0,0
chn_test_track_b_01223,0,0,0,0,0,0
chn_test_track_b_01224,0,0,0,0,0,0
chn_test_track_b_01225,0,0,0,0,2,0
chn_test_track_b_01226,0,0,0,0,0,0
chn_test_track_b_01227,0,0,0,0,0,0
chn_test_track_b_01228,0,0,0,1,0,0
chn_test_track_b_01229,0,0,0,0,1,0
chn_test_track_b_01230,0,0,0,0,0,0
chn_test_track_b_01231,0,0,0,1,1,0
chn_test_track_b_01232,2,0,0,0,0,0
chn_test_track_b_01233,1,2,0,0,0,0
chn_test_track_b_01234,1,0,0,0,0,0
chn_test_track_b_01235,1,0,0,0,0,0
chn_test_track_b_01236,0,1,0,0,0,0
chn_test_track_b_01237,2,1,0,0,0,0
chn_test_track_b_01238,0,0,0,2,0,0
chn_test_track_b_01239,0,0,0,0,0,0
chn_test_track_b_01240,0,0,0,1,0,0
chn_test_track_b_01241,0,0,0,0,0,0
chn_test_track_b_01242,0,1,0,0,0,1
chn_test_track_b_01243,0,0,0,0,2,0
chn_test_track_b_01244,1,1,0,0,0,0
chn_test_track_b_01245,0,0,0,0,0,0
chn_test_track_b_01246,0,0,0,1,1,0
chn_test_track_b_01247,0,0,0,1,0,0
chn_test_track_b_01248,2,1,0,0,1,0
chn_test_track_b_01249,0,0,0,0,0,0
chn_test_track_b_01250,0,0,2,0,0,0
chn_test_track_b_01251,1,0,0,0,0,0
chn_test_track_b_01252,0,0,0,0,1,0
chn_test_track_b_01253,0,0,0,0,0,0
chn_test_track_b_01254,0,0,0,0,0,0
chn_test_track_b_01255,0,0,0,0,1,0
chn_test_track_b_01256,0,0,0,1,0,0
chn_test_track_b_01257,2,0,0,0,0,0
chn_test_track_b_01258,1,1,0,0,0,0
chn_test_track_b_01259,1,1,0,0,0,0
chn_test_track_b_01260,2,1,0,0,0,0
chn_test_track_b_01261,1,1,0,0,0,0
chn_test_track_b_01262,0,0,0,0,0,0
chn_test_track_b_01263,1,1,0,0,0,0
chn_test_track_b_01264,0,0,0,2,0,0
chn_test_track_b_01265,3,1,0,0,0,0
chn_test_track_b_01266,0,0,0,2,0,0
chn_test_track_b_01267,0,0,0,0,2,0
chn_test_track_b_01268,1,0,0,0,0,0
chn_test_track_b_01269,1,1,0,0,0,0
chn_test_track_b_01270,1,1,0,0,0,0
chn_test_track_b_01271,1,1,0,0,0,0
chn_test_track_b_01272,1,1,0,0,0,0
chn_test_track_b_01273,0,0,0,2,0,0
chn_test_track_b_01274,0,0,0,0,1,0
chn_test_track_b_01275,1,1,0,0,0,0
chn_test_track_b_01276,2,0,0,0,0,1
chn_test_track_b_01277,0,0,0,0,0,1
chn_test_track_b_01278,0,0,0,1,0,0
chn_test_track_b_01279,0,0,0,0,2,0
chn_test_track_b_01280,0,0,0,0,0,0
chn_test_track_b_01281,0,0,0,2,0,0
chn_test_track_b_01282,1,0,0,0,1,0
chn_test_track_b_01283,1,1,0,0,0,0
chn_test_track_b_01284,2,0,0,0,0,0
chn_test_track_b_01285,0,0,0,0,0,0
chn_test_track_b_01286,2,1,0,0,0,0
chn_test_track_b_01287,1,1,0,0,0,0
chn_test_track_b_01288,0,0,0,0,0,0
chn_test_track_b_01289,1,1,0,0,0,0
chn_test_track_b_01290,0,0,0,0,0,0
chn_test_track_b_01291,0,0,0,0,0,0
chn_test_track_b_01292,0,0,0,0,0,0
chn_test_track_b_01293,0,0,0,2,0,0
chn_test_track_b_01294,2,0,0,0,0,0
chn_test_track_b_01295,0,0,0,1,0,0
chn_test_track_b_01296,0,0,0,1,0,0
chn_test_track_b_01297,1,0,0,0,0,1
chn_test_track_b_01298,0,0,0,2,1,0
chn_test_track_b_01299,2,1,0,0,0,0
chn_test_track_b_01300,0,0,0,2,0,0
chn_test_track_b_01301,1,1,0,0,0,0
chn_test_track_b_01302,0,0,0,0,0,0
chn_test_track_b_01303,0,0,0,0,0,0
chn_test_track_b_01304,2,0,0,0,0,0
chn_test_track_b_01305,3,0,0,0,0,0
chn_test_track_b_01306,0,0,0,2,0,0
chn_test_track_b_01307,0,0,0,0,0,0
chn_test_track_b_01308,0,0,0,0,0,0
chn_test_track_b_01309,0,0,0,0,0,0
chn_test_track_b_01310,2,1,0,0,0,0
chn_test_track_b_01311,2,0,0,0,1,0
chn_test_track_b_01312,0,0,0,0,1,0
chn_test_track_b_01313,0,0,0,0,0,0
chn_test_track_b_01314,2,0,0,0,0,0
chn_test_track_b_01315,1,0,0,0,0,0
chn_test_track_b_01316,1,1,0,0,0,0
chn_test_track_b_01317,0,0,2,0,0,0
chn_test_track_b_01318,2,0,0,0,0,0
chn_test_track_b_01319,1,1,0,0,0,0
chn_test_track_b_01320,0,0,0,1,0,0
chn_test_track_b_01321,0,0,0,0,0,0
chn_test_track_b_01322,0,0,0,0,1,0
chn_test_track_b_01323,1,0,0,0,1,0
chn_test_track_b_01324,0,0,0,0,0,0
chn_test_track_b_01325,0,0,0,0,0,0
chn_test_track_b_01326,1,0,0,0,0,0
chn_test_track_b_01327,0,0,0,0,0,1
chn_test_track_b_01328,1,0,0,0,1,0
chn_test_track_b_01329,0,0,0,0,0,1
chn_test_track_b_01330,2,0,0,0,0,1
chn_test_track_b_01331,0,1,0,0,0,0
chn_test_track_b_01332,1,1,0,0,0,0
chn_test_track_b_01333,0,0,0,0,0,1
chn_test_track_b_01334,0,0,0,0,1,0
chn_test_track_b_01335,0,0,0,2,0,0
chn_test_track_b_01336,0,0,0,0,0,0
chn_test_track_b_01337,0,0,0,2,0,0
chn_test_track_b_01338,1,0,0,0,1,0
chn_test_track_b_01339,1,0,0,0,0,0
chn_test_track_b_01340,0,0,0,0,0,1
chn_test_track_b_01341,2,0,0,0,1,0
chn_test_track_b_01342,0,0,1,0,1,0
chn_test_track_b_01343,1,0,0,0,1,0
chn_test_track_b_01344,1,0,0,0,0,0
chn_test_track_b_01345,1,0,0,0,0,0
chn_test_track_b_01346,0,0,0,1,0,0
chn_test_track_b_01347,0,0,0,2,0,0
chn_test_track_b_01348,0,0,0,2,0,0
chn_test_track_b_01349,2,0,0,0,0,0
chn_test_track_b_01350,0,0,0,0,0,0
chn_test_track_b_01351,0,0,0,0,0,0
chn_test_track_b_01352,1,0,0,0,0,1
chn_test_track_b_01353,0,0,0,0,0,0
chn_test_track_b_01354,2,1,0,0,0,0
chn_test_track_b_01355,1,1,0,0,0,0
chn_test_track_b_01356,0,0,0,0,1,0
chn_test_track_b_01357,0,0,0,0,0,0
chn_test_track_b_01358,1,0,0,0,0,0
chn_test_track_b_01359,0,0,0,0,0,0
chn_test_track_b_01360,0,0,1,0,0,0
chn_test_track_b_01361,0,0,0,0,1,0
chn_test_track_b_01362,1,0,0,0,0,0
chn_test_track_b_01363,0,0,0,0,0,0
chn_test_track_b_01364,1,0,0,0,0,0
chn_test_track_b_01365,2,0,0,0,1,1
chn_test_track_b_01366,0,1,0,0,0,0
chn_test_track_b_01367,1,0,0,0,0,0
chn_test_track_b_01368,1,0,0,0,0,0
chn_test_track_b_01369,2,0,0,0,0,0
chn_test_track_b_01370,0,0,0,0,0,0
chn_test_track_b_01371,2,0,0,0,0,0
chn_test_track_b_01372,1,0,0,0,0,0
chn_test_track_b_01373,0,0,0,1,1,0
chn_test_track_b_01374,0,0,0,1,0,0
chn_test_track_b_01375,2,0,0,0,0,0
chn_test_track_b_01376,1,0,0,0,0,1
chn_test_track_b_01377,0,0,1,0,0,0
chn_test_track_b_01378,1,1,0,0,0,0
chn_test_track_b_01379,1,0,0,0,0,0
chn_test_track_b_01380,1,0,0,0,0,0
chn_test_track_b_01381,1,1,0,0,0,0
chn_test_track_b_01382,0,0,0,2,0,0
chn_test_track_b_01383,2,0,1,0,0,0
chn_test_track_b_01384,1,0,0,0,0,0
chn_test_track_b_01385,1,0,0,0,0,0
chn_test_track_b_01386,3,1,0,0,0,0
chn_test_track_b_01387,2,0,0,0,0,0
chn_test_track_b_01388,2,0,0,0,0,0
chn_test_track_b_01389,0,0,0,0,0,0
chn_test_track_b_01390,0,0,0,0,0,0
chn_test_track_b_01391,0,0,0,0,2,0
chn_test_track_b_01392,1,1,0,0,2,0
chn_test_track_b_01393,0,0,0,0,1,0
chn_test_track_b_01394,1,1,0,0,0,0
chn_test_track_b_01395,1,1,0,0,1,0
chn_test_track_b_01396,2,0,0,0,0,0
chn_test_track_b_01397,1,0,0,0,0,0
chn_test_track_b_01398,0,0,0,0,0,0
chn_test_track_b_01399,0,0,0,0,0,0
chn_test_track_b_01400,1,0,0,0,0,0
chn_test_track_b_01401,0,0,0,0,1,0
chn_test_track_b_01402,0,0,0,1,0,0
chn_test_track_b_01403,0,1,0,0,0,0
chn_test_track_b_01404,1,1,0,0,0,0
chn_test_track_b_01405,1,1,0,0,0,0
chn_test_track_b_01406,1,0,0,0,0,0
chn_test_track_b_01407,0,0,0,0,0,0
chn_test_track_b_01408,0,0,0,0,0,0
chn_test_track_b_01409,0,1,0,0,0,0
chn_test_track_b_01410,0,0,0,0,0,0
chn_test_track_b_01411,1,0,0,0,1,0
chn_test_track_b_01412,0,0,0,2,0,0
chn_test_track_b_01413,0,0,0,0,0,0
chn_test_track_b_01414,0,0,0,0,1,0
chn_test_track_b_01415,1,0,0,0,0,0
chn_test_track_b_01416,2,0,0,0,0,1
chn_test_track_b_01417,0,0,0,2,1,0
chn_test_track_b_01418,0,0,0,1,0,0
chn_test_track_b_01419,1,0,0,0,0,0
chn_test_track_b_01420,0,0,0,1,0,0
chn_test_track_b_01421,1,0,0,0,0,0
chn_test_track_b_01422,0,0,0,0,1,0
chn_test_track_b_01423,0,0,0,0,0,0
chn_test_track_b_01424,0,0,0,1,0,0
chn_test_track_b_01425,0,0,0,0,1,0
chn_test_track_b_01426,1,0,0,0,0,0
chn_test_track_b_01427,0,0,0,2,0,0
chn_test_track_b_01428,0,0,0,0,1,0
chn_test_track_b_01429,1,0,0,0,0,0
chn_test_track_b_01430,0,0,0,0,2,0
chn_test_track_b_01431,1,1,0,0,0,0
chn_test_track_b_01432,0,0,0,2,0,0
chn_test_track_b_01433,0,0,0,2,0,0
chn_test_track_b_01434,0,0,0,1,0,0
chn_test_track_b_01435,0,0,0,2,0,0
chn_test_track_b_01436,0,0,0,0,0,1
chn_test_track_b_01437,1,0,0,0,1,0
chn_test_track_b_01438,1,1,0,0,0,0
chn_test_track_b_01439,2,0,0,0,0,0
chn_test_track_b_01440,1,0,1,0,0,0
chn_test_track_b_01441,1,1,0,0,0,0
chn_test_track_b_01442,2,1,0,0,0,0
chn_test_track_b_01443,1,1,0,0,0,0
chn_test_track_b_01444,0,0,0,0,0,0
chn_test_track_b_01445,2,0,0,0,0,0
chn_test_track_b_01446,0,0,0,2,0,0
chn_test_track_b_01447,0,0,0,0,1,0
chn_test_track_b_01448,2,1,0,0,0,1
chn_test_track_b_01449,0,0,0,0,0,0
chn_test_track_b_01450,2,1,0,0,0,0
chn_test_track_b_01451,0,0,0,0,1,0
chn_test_track_b_01452,1,0,0,0,0,0
chn_test_track_b_01453,0,0,0,2,0,0
chn_test_track_b_01454,0,0,0,0,1,0
chn_test_track_b_01455,1,0,0,0,0,0
chn_test_track_b_01456,0,0,0,0,0,0
chn_test_track_b_01457,1,1,0,0,0,0
chn_test_track_b_01458,2,0,0,0,0,0
chn_test_track_b_01459,0,0,0,0,0,0
chn_test_track_b_01460,0,0,0,0,0,0
chn_test_track_b_01461,1,1,0,0,0,0
chn_test_track_b_01462,0,0,0,1,0,0
chn_test_track_b_01463,1,0,0,0,0,0
chn_test_track_b_01464,2,1,0,0,0,0
chn_test_track_b_01465,1,0,0,0,0,0
chn_test_track_b_01466,2,0,0,0,1,0
chn_test_track_b_01467,0,0,1,0,0,0
chn_test_track_b_01468,0,0,1,0,1,0
chn_test_track_b_01469,1,0,0,0,0,0
chn_test_track_b_01470,1,1,0,0,0,0
chn_test_track_b_01471,1,0,0,0,0,1
chn_test_track_b_01472,0,1,0,0,0,0
chn_test_track_b_01473,1,0,0,0,0,0
chn_test_track_b_01474,2,0,0,0,0,0
chn_test_track_b_01475,0,0,0,0,0,0
chn_test_track_b_01476,1,0,0,0,0,0
chn_test_track_b_01477,1,0,0,0,0,0
chn_test_track_b_01478,0,0,0,0,0,0
chn_test_track_b_01479,0,0,0,1,0,0
chn_test_track_b_01480,1,0,0,0,0,0
chn_test_track_b_01481,1,0,0,0,0,1
chn_test_track_b_01482,2,0,0,0,0,0
chn_test_track_b_01483,0,0,0,0,3,0
chn_test_track_b_01484,0,0,0,1,0,0
chn_test_track_b_01485,1,0,0,0,0,0
chn_test_track_b_01486,1,1,0,0,0,0
chn_test_track_b_01487,0,0,0,2,0,0
chn_test_track_b_01488,2,0,0,0,0,0
chn_test_track_b_01489,2,0,0,0,0,0
chn_test_track_b_01490,2,0,0,0,0,0
chn_test_track_b_01491,2,0,0,0,0,0
chn_test_track_b_01492,0,0,0,2,0,1
chn_test_track_b_01493,0,0,0,0,1,0
chn_test_track_b_01494,0,0,0,0,0,0
chn_test_track_b_01495,0,0,0,0,1,0
chn_test_track_b_01496,2,1,0,0,0,0
chn_test_track_b_01497,0,0,0,2,0,0
chn_test_track_b_01498,1,0,0,0,0,0
chn_test_track_b_01499,0,0,2,0,0,0
chn_test_track_b_01500,1,0,0,0,0,0
chn_test_track_b_01501,1,0,0,0,0,0
chn_test_track_b_01502,0,0,0,0,0,0
chn_test_track_b_01503,0,0,0,1,0,0
chn_test_track_b_01504,0,0,0,3,0,0
chn_test_track_b_01505,0,0,0,0,0,0
chn_test_track_b_01506,0,0,0,2,0,0
chn_test_track_b_01507,0,0,0,1,0,0
chn_test_track_b_01508,2,0,0,0,0,1
chn_test_track_b_01509,0,0,0,0,0,0
chn_test_track_b_01510,0,0,0,0,0,0
chn_test_track_b_01511,0,0,0,1,0,0
chn_test_track_b_01512,0,0,0,0,0,0
chn_test_track_b_01513,1,1,0,0,0,0
chn_test_track_b_01514,0,0,0,2,0,0
chn_test_track_b_01515,2,0,0,0,0,0
chn_test_track_b_01516,2,0,0,0,0,1
chn_test_track_b_01517,0,0,0,0,0,0
chn_test_track_b_01518,2,0,0,0,0,0
chn_test_track_b_01519,1,0,0,0,0,2
chn_test_track_b_01520,1,0,0,0,0,0
chn_test_track_b_01521,0,0,0,0,1,0
chn_test_track_b_01522,1,0,0,0,0,0
chn_test_track_b_01523,0,0,2,0,0,0
chn_test_track_b_01524,2,0,0,0,0,0
chn_test_track_b_01525,2,1,0,0,0,1
chn_test_track_b_01526,1,0,0,0,1,0
chn_test_track_b_01527,2,0,0,0,0,0
chn_test_track_b_01528,2,0,0,0,0,0
chn_test_track_b_01529,2,2,0,0,0,0
chn_test_track_b_01530,0,0,0,0,0,0
chn_test_track_b_01531,0,0,0,2,0,0
chn_test_track_b_01532,2,0,0,0,0,0
chn_test_track_b_01533,0,0,0,1,0,0
chn_test_track_b_01534,1,0,0,0,0,0
chn_test_track_b_01535,0,0,0,2,0,0
chn_test_track_b_01536,0,0,0,1,0,0
chn_test_track_b_01537,0,0,0,0,0,1
chn_test_track_b_01538,0,0,0,0,1,0
chn_test_track_b_01539,1,0,0,0,0,0
chn_test_track_b_01540,0,0,0,2,0,0
chn_test_track_b_01541,1,0,0,0,0,0
chn_test_track_b_01542,1,0,0,0,0,0
chn_test_track_b_01543,0,0,0,0,0,0
chn_test_track_b_01544,0,0,0,0,0,0
chn_test_track_b_01545,1,0,0,0,1,0
chn_test_track_b_01546,0,0,0,0,0,0
chn_test_track_b_01547,0,0,0,0,0,0
chn_test_track_b_01548,0,0,0,1,0,0
chn_test_track_b_01549,0,0,0,0,0,0
chn_test_track_b_01550,0,0,0,0,0,0
chn_test_track_b_01551,2,0,0,0,0,0
chn_test_track_b_01552,0,0,0,0,1,0
chn_test_track_b_01553,0,0,0,1,0,0
chn_test_track_b_01554,0,0,0,0,0,1
chn_test_track_b_01555,0,0,0,2,0,0
chn_test_track_b_01556,0,0,0,0,1,0
chn_test_track_b_01557,0,0,0,0,0,0
chn_test_track_b_01558,2,0,0,0,0,1
chn_test_track_b_01559,0,0,0,0,0,0
chn_test_track_b_01560,0,0,0,0,0,0
chn_test_track_b_01561,2,0,0,0,0,0
chn_test_track_b_01562,0,1,0,0,0,0
chn_test_track_b_01563,0,0,0,0,0,0
chn_test_track_b_01564,0,0,0,0,0,0
chn_test_track_b_01565,2,1,0,0,0,0
chn_test_track_b_01566,1,0,0,0,0,0
chn_test_track_b_01567,0,0,0,0,2,0
chn_test_track_b_01568,0,0,0,1,0,0
chn_test_track_b_01569,0,0,0,0,1,0
chn_test_track_b_01570,0,0,0,0,0,0
chn_test_track_b_01571,1,0,0,0,0,0
chn_test_track_b_01572,2,0,0,0,0,0
chn_test_track_b_01573,2,0,0,0,0,1
chn_test_track_b_01574,1,0,0,0,0,0
chn_test_track_b_01575,0,0,0,2,0,0
chn_test_track_b_01576,0,0,0,0,0,0
chn_test_track_b_01577,1,1,0,0,0,0
chn_test_track_b_01578,2,0,0,0,0,0
chn_test_track_b_01579,0,0,0,0,0,0
chn_test_track_b_01580,0,0,0,1,0,0
chn_test_track_b_01581,0,0,0,0,0,0
chn_test_track_b_01582,0,0,0,1,0,0
chn_test_track_b_01583,0,0,0,1,0,0
chn_test_track_b_01584,2,1,0,0,0,1
chn_test_track_b_01585,1,0,0,0,0,0
chn_test_track_b_01586,1,0,0,0,0,0
chn_test_track_b_01587,0,0,0,0,0,0
chn_test_track_b_01588,0,0,0,2,0,0
chn_test_track_b_01589,0,0,0,2,0,0
chn_test_track_b_01590,0,0,0,2,0,0
chn_test_track_b_01591,1,1,0,0,0,0
chn_test_track_b_01592,0,0,0,0,0,0
chn_test_track_b_01593,1,0,0,0,0,1
chn_test_track_b_01594,0,0,0,2,0,0
chn_test_track_b_01595,0,0,0,0,0,0
chn_test_track_b_01596,0,0,0,0,1,0
chn_test_track_b_01597,0,0,0,0,0,0
chn_test_track_b_01598,1,0,0,0,0,0
chn_test_track_b_01599,0,0,0,0,0,0
chn_test_track_b_01600,0,0,0,1,0,0
chn_test_track_b_01601,0,0,0,0,0,0
chn_test_track_b_01602,0,0,0,1,0,0
chn_test_track_b_01603,1,0,0,0,0,1
chn_test_track_b_01604,1,0,0,0,0,0
chn_test_track_b_01605,1,0,0,0,0,1
chn_test_track_b_01606,1,1,0,0,0,0
chn_test_track_b_01607,0,0,0,0,0,1
chn_test_track_b_01608,1,0,0,0,0,1
chn_test_track_b_01609,1,0,0,0,0,0
chn_test_track_b_01610,1,0,0,0,1,0
chn_test_track_b_01611,0,0,0,2,0,0
chn_test_track_b_01612,0,0,0,0,0,1
chn_test_track_b_01613,0,0,0,0,0,0
chn_test_track_b_01614,0,0,0,2,0,0
chn_test_track_b_01615,0,0,0,0,0,0
chn_test_track_b_01616,0,0,0,0,0,0
chn_test_track_b_01617,3,0,0,0,0,1
chn_test_track_b_01618,0,0,0,1,0,0
chn_test_track_b_01619,0,0,0,2,0,0
chn_test_track_b_01620,0,0,0,2,0,0
chn_test_track_b_01621,0,0,0,1,0,0
chn_test_track_b_01622,2,1,0,0,0,0
chn_test_track_b_01623,0,0,0,2,0,0
chn_test_track_b_01624,2,0,0,0,0,1
chn_test_track_b_01625,1,0,0,0,0,0
chn_test_track_b_01626,0,0,0,1,0,0
chn_test_track_b_01627,2,1,0,0,0,0
chn_test_track_b_01628,1,1,0,0,0,1
chn_test_track_b_01629,1,1,0,0,1,0
chn_test_track_b_01630,0,0,0,3,0,0
chn_test_track_b_01631,2,1,0,0,0,0
chn_test_track_b_01632,0,0,0,2,0,0
chn_test_track_b_01633,0,0,0,0,0,0
chn_test_track_b_01634,1,0,0,0,0,0
chn_test_track_b_01635,1,0,0,0,0,0
chn_test_track_b_01636,0,0,0,0,0,0
chn_test_track_b_01637,0,0,0,0,0,0
chn_test_track_b_01638,2,0,0,0,0,1
chn_test_track_b_01639,0,0,0,0,0,0
chn_test_track_b_01640,0,0,0,2,0,0
chn_test_track_b_01641,0,1,1,0,0,0
chn_test_track_b_01642,0,0,0,0,1,0
chn_test_track_b_01643,0,0,0,0,0,1
chn_test_track_b_01644,0,0,0,1,0,0
chn_test_track_b_01645,1,0,0,0,1,0
chn_test_track_b_01646,0,0,0,1,0,0
chn_test_track_b_01647,1,0,0,0,0,0
chn_test_track_b_01648,0,0,0,1,0,0
chn_test_track_b_01649,0,0,0,0,0,0
chn_test_track_b_01650,0,0,0,0,0,0
chn_test_track_b_01651,1,0,0,0,0,0
chn_test_track_b_01652,2,1,0,0,0,0
chn_test_track_b_01653,1,0,0,0,0,0
chn_test_track_b_01654,0,0,0,0,0,0
chn_test_track_b_01655,1,0,0,0,0,0
chn_test_track_b_01656,2,0,0,0,0,0
chn_test_track_b_01657,0,0,0,0,1,1
chn_test_track_b_01658,2,0,0,0,0,0
chn_test_track_b_01659,0,0,0,0,0,0
chn_test_track_b_01660,2,1,0,0,1,0
chn_test_track_b_01661,1,0,0,0,1,0
chn_test_track_b_01662,2,0,0,0,0,0
chn_test_track_b_01663,0,0,0,2,0,0
chn_test_track_b_01664,0,0,0,2,0,0
chn_test_track_b_01665,0,0,0,1,0,0
chn_test_track_b_01666,0,0,0,0,1,0
chn_test_track_b_01667,0,0,2,0,0,1
chn_test_track_b_01668,3,0,0,0,0,0
chn_test_track_b_01669,0,0,0,0,0,0
chn_test_track_b_01670,2,1,0,0,0,0
chn_test_track_b_01671,2,0,0,0,0,0
chn_test_track_b_01672,1,1,0,0,0,0
chn_test_track_b_01673,0,0,0,2,0,0
chn_test_track_b_01674,0,0,0,0,0,0
chn_test_track_b_01675,0,0,0,2,0,0
chn_test_track_b_01676,1,1,0,0,0,0
chn_test_track_b_01677,0,0,0,1,0,0
chn_test_track_b_01678,0,0,0,2,0,0
chn_test_track_b_01679,0,0,0,0,0,0
chn_test_track_b_01680,0,0,1,0,0,0
chn_test_track_b_01681,1,0,0,0,0,0
chn_test_track_b_01682,1,0,0,0,0,0
chn_test_track_b_01683,1,1,0,0,1,0
chn_test_track_b_01684,0,0,0,0,0,0
chn_test_track_b_01685,0,0,0,1,0,0
chn_test_track_b_01686,1,1,0,1,0,0
chn_test_track_b_01687,0,0,0,0,0,0
chn_test_track_b_01688,1,0,0,0,1,0
chn_test_track_b_01689,0,0,0,2,0,0
chn_test_track_b_01690,2,1,0,0,0,0
chn_test_track_b_01691,1,1,0,0,0,0
chn_test_track_b_01692,0,0,0,0,0,0
chn_test_track_b_01693,0,0,0,0,0,0
chn_test_track_b_01694,0,0,0,1,0,0
chn_test_track_b_01695,0,0,0,1,0,0
chn_test_track_b_01696,1,0,0,0,0,0
chn_test_track_b_01697,0,0,0,0,0,0
chn_test_track_b_01698,1,0,0,0,0,0
chn_test_track_b_01699,1,1,0,0,0,0
chn_test_track_b_01700,1,1,0,0,0,0
chn_test_track_b_01701,0,0,0,1,0,1
chn_test_track_b_01702,0,0,0,1,0,0
chn_test_track_b_01703,0,0,0,1,0,0
chn_test_track_b_01704,0,0,0,0,0,0
chn_test_track_b_01705,1,0,0,0,0,0
chn_test_track_b_01706,1,0,0,0,0,0
chn_test_track_b_01707,0,0,0,0,0,0
chn_test_track_b_01708,0,1,0,0,0,1
chn_test_track_b_01709,0,0,0,1,0,0
chn_test_track_b_01710,1,0,0,0,0,0
chn_test_track_b_01711,0,0,0,0,0,0
chn_test_track_b_01712,0,0,0,0,0,0
chn_test_track_b_01713,0,0,0,0,0,0
chn_test_track_b_01714,0,0,0,0,0,0
chn_test_track_b_01715,0,0,0,0,0,0
chn_test_track_b_01716,0,0,0,0,0,0
chn_test_track_b_01717,1,0,0,0,0,1
chn_test_track_b_01718,1,0,0,0,0,0
chn_test_track_b_01719,1,0,0,0,0,0
chn_test_track_b_01720,2,1,0,0,0,0
chn_test_track_b_01721,0,0,0,0,1,0
chn_test_track_b_01722,0,0,0,0,0,0
chn_test_track_b_01723,0,1,1,0,1,0
chn_test_track_b_01724,2,0,0,0,0,0
chn_test_track_b_01725,0,0,0,1,0,0
chn_test_track_b_01726,0,1,0,0,0,0
chn_test_track_b_01727,0,0,0,0,1,0
chn_test_track_b_01728,0,0,0,2,0,0
chn_test_track_b_01729,1,1,0,0,0,0
chn_test_track_b_01730,0,0,0,2,0,0
chn_test_track_b_01731,0,0,0,0,1,0
chn_test_track_b_01732,1,0,0,0,0,1
chn_test_track_b_01733,0,0,0,2,0,0
chn_test_track_b_01734,0,0,0,0,0,0
chn_test_track_b_01735,1,0,0,0,0,0
chn_test_track_b_01736,1,0,0,0,2,0
chn_test_track_b_01737,0,0,0,0,0,0
chn_test_track_b_01738,1,0,0,0,0,1
chn_test_track_b_01739,0,0,1,0,0,0
chn_test_track_b_01740,0,0,0,2,0,0
chn_test_track_b_01741,0,0,0,0,2,0
chn_test_track_b_01742,1,1,0,0,0,0
chn_test_track_b_01743,0,0,0,2,0,0
chn_test_track_b_01744,1,1,0,0,0,1
chn_test_track_b_01745,2,0,0,0,0,0
chn_test_track_b_01746,2,1,0,0,0,0
chn_test_track_b_01747,0,0,0,0,0,0
chn_test_track_b_01748,1,0,0,0,0,0
chn_test_track_b_01749,0,0,0,0,0,0
chn_test_track_b_01750,1,0,0,0,0,0
chn_test_track_b_01751,1,0,0,0,0,0
chn_test_track_b_01752,0,0,0,0,0,1
chn_test_track_b_01753,0,0,0,0,0,0
chn_test_track_b_01754,1,1,0,0,0,0
chn_test_track_b_01755,2,1,0,0,0,0
chn_test_track_b_01756,0,0,0,0,1,0
chn_test_track_b_01757,0,0,0,1,0,0
chn_test_track_b_01758,0,0,0,0,0,1
chn_test_track_b_01759,1,1,0,0,0,0
chn_test_track_b_01760,0,0,0,0,0,0
chn_test_track_b_01761,1,0,0,0,0,0
chn_test_track_b_01762,1,0,0,0,0,0
chn_test_track_b_01763,2,0,0,0,0,0
chn_test_track_b_01764,0,0,0,0,1,0
chn_test_track_b_01765,1,1,0,0,0,0
chn_test_track_b_01766,0,0,0,1,1,0
chn_test_track_b_01767,0,0,0,0,0,0
chn_test_track_b_01768,1,0,0,0,0,0
chn_test_track_b_01769,0,0,0,1,0,0
chn_test_track_b_01770,0,0,0,0,0,0
chn_test_track_b_01771,0,0,0,2,0,0
chn_test_track_b_01772,1,0,0,0,0,1
chn_test_track_b_01773,0,0,0,1,0,0
chn_test_track_b_01774,0,0,2,0,0,0
chn_test_track_b_01775,0,0,0,2,0,0
chn_test_track_b_01776,0,0,0,0,0,0
chn_test_track_b_01777,1,0,0,0,0,0
chn_test_track_b_01778,0,0,0,2,0,0
chn_test_track_b_01779,0,0,0,0,0,0
chn_test_track_b_01780,0,0,0,0,0,0
chn_test_track_b_01781,1,0,0,0,0,0
chn_test_track_b_01782,2,1,0,0,0,0
chn_test_track_b_01783,2,1,0,0,0,0
chn_test_track_b_01784,0,0,0,0,0,0
chn_test_track_b_01785,1,1,0,0,0,0
chn_test_track_b_01786,2,0,0,0,1,0
chn_test_track_b_01787,0,0,0,0,0,0
chn_test_track_b_01788,0,0,0,0,0,0
chn_test_track_b_01789,0,1,0,0,0,0
chn_test_track_b_01790,0,0,0,0,2,0
chn_test_track_b_01791,0,0,0,0,0,0
chn_test_track_b_01792,2,0,0,0,0,0
chn_test_track_b_01793,0,1,0,1,0,0
chn_test_track_b_01794,0,0,0,2,0,0
chn_test_track_b_01795,1,1,0,0,0,0
chn_test_track_b_01796,1,1,0,0,0,0
chn_test_track_b_01797,1,0,0,0,0,0
chn_test_track_b_01798,3,0,0,0,0,0
chn_test_track_b_01799,1,0,0,0,0,0
chn_test_track_b_01800,1,1,0,0,0,0
chn_test_track_b_01801,0,0,0,0,1,0
chn_test_track_b_01802,1,1,0,0,0,0
chn_test_track_b_01803,0,0,0,0,0,0
chn_test_track_b_01804,1,0,0,0,0,0
chn_test_track_b_01805,1,0,0,0,0,0
chn_test_track_b_01806,1,0,0,0,0,0
chn_test_track_b_01807,2,1,0,0,0,0
chn_test_track_b_01808,1,0,0,0,1,0
chn_test_track_b_01809,0,0,0,0,2,0
chn_test_track_b_01810,2,0,0,0,0,0
chn_test_track_b_01811,0,0,0,0,0,0
chn_test_track_b_01812,0,0,0,0,0,0
chn_test_track_b_01813,0,0,0,0,1,0
chn_test_track_b_01814,1,0,0,0,0,0
chn_test_track_b_01815,2,1,0,0,0,0
chn_test_track_b_01816,0,0,0,0,1,0
chn_test_track_b_01817,2,0,0,0,0,0
chn_test_track_b_01818,1,0,0,0,0,0
chn_test_track_b_01819,0,0,0,2,0,0
chn_test_track_b_01820,2,0,0,0,0,0
chn_test_track_b_01821,0,0,0,0,2,0
chn_test_track_b_01822,0,0,0,1,1,0
chn_test_track_b_01823,0,0,0,0,1,0
chn_test_track_b_01824,0,0,0,0,0,0
chn_test_track_b_01825,0,0,0,0,0,0
chn_test_track_b_01826,1,1,0,0,0,0
chn_test_track_b_01827,0,0,0,2,0,0
chn_test_track_b_01828,1,1,0,0,0,0
chn_test_track_b_01829,1,1,0,0,0,0
chn_test_track_b_01830,0,0,0,2,0,0
chn_test_track_b_01831,1,0,0,0,0,0
chn_test_track_b_01832,0,0,0,0,0,0
chn_test_track_b_01833,2,0,0,0,0,0
chn_test_track_b_01834,1,1,0,0,0,0
chn_test_track_b_01835,0,0,0,2,0,0
chn_test_track_b_01836,0,0,0,3,0,1
chn_test_track_b_01837,2,1,0,0,0,0
chn_test_track_b_01838,0,0,0,2,0,0
chn_test_track_b_01839,0,0,0,0,0,0
chn_test_track_b_01840,1,0,0,0,0,0
chn_test_track_b_01841,0,0,0,0,0,0
chn_test_track_b_01842,0,0,0,0,0,0
chn_test_track_b_01843,0,0,0,1,0,0
chn_test_track_b_01844,0,0,0,0,1,0
chn_test_track_b_01845,0,0,0,0,0,0
chn_test_track_b_01846,1,0,0,0,0,0
chn_test_track_b_01847,1,0,0,0,1,0
chn_test_track_b_01848,0,0,1,0,0,1
chn_test_track_b_01849,1,0,0,0,0,0
chn_test_track_b_01850,1,0,0,0,0,0
chn_test_track_b_01851,0,0,0,1,0,0
chn_test_track_b_01852,0,1,0,0,0,0
chn_test_track_b_01853,2,0,0,0,0,0
chn_test_track_b_01854,1,0,0,0,0,0
chn_test_track_b_01855,0,0,0,2,0,0
chn_test_track_b_01856,0,0,0,2,0,0
chn_test_track_b_01857,0,0,0,0,0,0
chn_test_track_b_01858,0,0,0,0,0,0
chn_test_track_b_01859,1,0,0,0,0,0
chn_test_track_b_01860,2,0,0,0,0,1
chn_test_track_b_01861,2,0,0,0,0,0
chn_test_track_b_01862,0,0,0,0,0,0
chn_test_track_b_01863,0,0,0,0,0,1
chn_test_track_b_01864,0,0,0,2,0,0
chn_test_track_b_01865,0,0,0,0,2,0
chn_test_track_b_01866,0,0,0,1,1,0
chn_test_track_b_01867,0,0,0,1,0,0
chn_test_track_b_01868,0,0,0,0,0,0
chn_test_track_b_01869,0,0,0,0,0,0
chn_test_track_b_01870,0,0,1,0,2,0
chn_test_track_b_01871,1,1,0,0,0,0
chn_test_track_b_01872,0,0,0,1,0,0
chn_test_track_b_01873,1,1,0,0,0,0
chn_test_track_b_01874,0,0,0,0,0,0
chn_test_track_b_01875,1,1,0,0,0,0
chn_test_track_b_01876,1,0,0,0,0,0
chn_test_track_b_01877,0,0,0,1,0,0
chn_test_track_b_01878,2,0,0,0,0,0
chn_test_track_b_01879,0,0,0,0,0,1
chn_test_track_b_01880,0,0,0,0,0,0
chn_test_track_b_01881,0,0,0,0,1,0
chn_test_track_b_01882,2,0,0,0,0,0
chn_test_track_b_01883,2,0,0,0,0,0
chn_test_track_b_01884,0,0,0,1,0,0
chn_test_track_b_01885,0,0,0,0,1,0
chn_test_track_b_01886,0,0,0,1,0,0
chn_test_track_b_01887,0,0,0,1,0,0
chn_test_track_b_01888,0,0,0,2,0,0
chn_test_track_b_01889,0,0,0,2,0,0
chn_test_track_b_01890,0,1,0,0,0,0
chn_test_track_b_01891,0,0,0,0,1,0
chn_test_track_b_01892,1,0,0,0,2,0
chn_test_track_b_01893,0,0,0,0,0,0
chn_test_track_b_01894,0,0,0,1,0,0
chn_test_track_b_01895,1,0,0,0,0,0
chn_test_track_b_01896,0,0,0,0,0,0
chn_test_track_b_01897,1,1,0,0,0,0
chn_test_track_b_01898,0,0,0,0,0,0
chn_test_track_b_01899,0,0,0,0,0,0
chn_test_track_b_01900,0,0,0,1,0,0
chn_test_track_b_01901,0,0,2,0,0,0
chn_test_track_b_01902,0,0,0,2,0,0
chn_test_track_b_01903,1,1,0,0,0,0
chn_test_track_b_01904,1,1,0,0,0,0
chn_test_track_b_01905,1,0,0,0,0,1
chn_test_track_b_01906,1,0,0,0,0,0
chn_test_track_b_01907,0,0,0,0,0,0
chn_test_track_b_01908,0,0,0,0,1,0
chn_test_track_b_01909,1,0,0,0,0,0
chn_test_track_b_01910,0,0,0,0,0,0
chn_test_track_b_01911,1,0,0,0,0,0
chn_test_track_b_01912,2,1,0,0,0,0
chn_test_track_b_01913,1,1,0,0,0,0
chn_test_track_b_01914,1,0,0,0,0,0
chn_test_track_b_01915,0,0,0,0,0,0
chn_test_track_b_01916,1,0,0,0,0,0
chn_test_track_b_01917,0,0,0,0,1,0
chn_test_track_b_01918,0,0,0,0,0,2
chn_test_track_b_01919,0,0,0,1,0,0
chn_test_track_b_01920,0,0,0,0,1,0
chn_test_track_b_01921,0,0,0,0,0,0
chn_test_track_b_01922,1,1,0,0,0,0
chn_test_track_b_01923,2,0,1,0,1,0
chn_test_track_b_01924,0,0,0,2,0,0
chn_test_track_b_01925,1,1,0,0,0,1
chn_test_track_b_01926,2,0,0,0,0,0
chn_test_track_b_01927,0,0,0,1,0,0
chn_test_track_b_01928,2,0,0,0,0,1
chn_test_track_b_01929,1,0,0,0,0,0
chn_test_track_b_01930,1,1,0,0,0,0
chn_test_track_b_01931,3,0,0,0,0,0
chn_test_track_b_01932,0,0,0,0,0,0
chn_test_track_b_01933,0,0,0,0,0,0
chn_test_track_b_01934,0,0,0,2,0,0
chn_test_track_b_01935,0,0,0,0,0,0
chn_test_track_b_01936,0,0,0,1,1,0
chn_test_track_b_01937,0,0,0,0,1,0
chn_test_track_b_01938,2,0,0,0,0,0
chn_test_track_b_01939,0,0,0,0,1,0
chn_test_track_b_01940,1,0,0,0,0,0
chn_test_track_b_01941,0,0,0,2,0,0
chn_test_track_b_01942,0,0,0,2,0,0
chn_test_track_b_01943,1,0,0,0,0,0
chn_test_track_b_01944,0,0,0,0,2,0
chn_test_track_b_01945,1,0,0,0,0,0
chn_test_track_b_01946,0,0,0,0,0,0
chn_test_track_b_01947,0,0,0,1,0,0
chn_test_track_b_01948,1,0,0,0,0,0
chn_test_track_b_01949,1,0,0,0,1,0
chn_test_track_b_01950,3,0,0,0,0,1
chn_test_track_b_01951,0,0,0,1,0,0
chn_test_track_b_01952,1,0,0,0,0,0
chn_test_track_b_01953,1,1,0,0,0,0
chn_test_track_b_01954,0,0,0,1,0,0
chn_test_track_b_01955,0,0,0,2,0,0
chn_test_track_b_01956,0,0,0,2,0,0
chn_test_track_b_01957,0,0,0,0,0,0
chn_test_track_b_01958,0,0,0,2,0,0
chn_test_track_b_01959,0,0,0,0,3,0
chn_test_track_b_01960,1,0,0,0,0,0
chn_test_track_b_01961,1,0,0,0,0,0
chn_test_track_b_01962,0,0,0,0,2,0
chn_test_track_b_01963,0,0,0,0,1,0
chn_test_track_b_01964,0,0,0,0,0,0
chn_test_track_b_01965,1,0,0,0,0,0
chn_test_track_b_01966,0,0,0,0,0,0
chn_test_track_b_01967,2,1,0,0,0,0
chn_test_track_b_01968,0,0,0,1,0,0
chn_test_track_b_01969,0,0,0,2,0,0
chn_test_track_b_01970,1,0,0,0,0,0
chn_test_track_b_01971,0,0,0,2,0,0
chn_test_track_b_01972,0,0,0,0,0,0
chn_test_track_b_01973,0,0,0,1,0,0
chn_test_track_b_01974,1,1,0,0,0,0
chn_test_track_b_01975,1,0,0,0,0,0
chn_test_track_b_01976,1,1,0,0,1,0
chn_test_track_b_01977,0,0,0,0,2,0
chn_test_track_b_01978,1,0,0,0,1,0
chn_test_track_b_01979,1,0,0,0,0,1
chn_test_track_b_01980,0,0,0,0,0,0
chn_test_track_b_01981,2,0,0,0,0,1
chn_test_track_b_01982,2,0,0,0,0,0
chn_test_track_b_01983,0,1,0,0,0,0
chn_test_track_b_01984,1,0,0,0,1,0
chn_test_track_b_01985,0,0,0,0,2,0
chn_test_track_b_01986,0,0,0,0,2,0
chn_test_track_b_01987,1,1,0,0,0,0
chn_test_track_b_01988,1,0,0,0,1,0
chn_test_track_b_01989,0,0,0,1,0,0
chn_test_track_b_01990,1,1,0,0,0,0
chn_test_track_b_01991,0,0,0,0,2,0
chn_test_track_b_01992,0,0,0,1,0,0
chn_test_track_b_01993,0,0,0,0,0,0
chn_test_track_b_01994,1,0,0,0,0,0
chn_test_track_b_01995,2,0,0,0,0,0
chn_test_track_b_01996,0,0,0,0,0,0
chn_test_track_b_01997,0,0,0,0,2,0
chn_test_track_b_01998,1,0,0,0,0,0
chn_test_track_b_01999,0,1,0,0,0,0
chn_test_track_b_02000,0,0,0,0,1,0
chn_test_track_b_02001,0,0,0,0,0,0
chn_test_track_b_02002,0,0,0,2,0,0
chn_test_track_b_02003,0,0,0,0,1,0
chn_test_track_b_02004,0,0,0,0,0,0
chn_test_track_b_02005,0,0,0,2,0,0
chn_test_track_b_02006,1,0,0,0,1,0
chn_test_track_b_02007,2,1,0,0,0,0
chn_test_track_b_02008,0,0,0,0,0,1
chn_test_track_b_02009,0,1,0,0,0,0
chn_test_track_b_02010,0,0,0,1,0,0
chn_test_track_b_02011,0,0,0,0,0,0
chn_test_track_b_02012,0,0,0,2,0,0
chn_test_track_b_02013,0,0,0,1,0,0
chn_test_track_b_02014,0,0,1,0,0,0
chn_test_track_b_02015,0,0,0,0,0,0
chn_test_track_b_02016,0,0,0,1,0,0
chn_test_track_b_02017,2,0,0,0,0,1
chn_test_track_b_02018,2,0,0,0,1,0
chn_test_track_b_02019,0,0,0,0,0,0
chn_test_track_b_02020,0,0,0,0,0,0
chn_test_track_b_02021,1,0,0,0,0,1
chn_test_track_b_02022,0,0,0,2,0,0
chn_test_track_b_02023,0,0,0,0,0,0
chn_test_track_b_02024,1,0,0,0,0,0
chn_test_track_b_02025,1,0,0,0,0,0
chn_test_track_b_02026,1,0,0,0,0,1
chn_test_track_b_02027,0,0,0,1,0,0
chn_test_track_b_02028,0,0,0,0,2,0
chn_test_track_b_02029,0,0,0,0,2,0
chn_test_track_b_02030,0,0,0,1,0,0
chn_test_track_b_02031,1,1,0,0,0,0
chn_test_track_b_02032,1,0,0,1,0,0
chn_test_track_b_02033,0,0,1,0,0,0
chn_test_track_b_02034,0,0,0,1,0,0
chn_test_track_b_02035,1,0,0,0,1,0
chn_test_track_b_02036,0,0,0,2,0,0
chn_test_track_b_02037,1,1,0,0,0,0
chn_test_track_b_02038,0,0,0,0,0,0
chn_test_track_b_02039,0,0,0,0,0,0
chn_test_track_b_02040,0,0,0,0,0,0
chn_test_track_b_02041,1,0,0,0,0,0
chn_test_track_b_02042,0,0,0,0,0,0
chn_test_track_b_02043,2,0,0,0,0,0
chn_test_track_b_02044,1,0,0,0,0,0
chn_test_track_b_02045,1,0,0,0,0,0
chn_test_track_b_02046,1,1,0,0,0,0
chn_test_track_b_02047,0,0,0,1,0,0
chn_test_track_b_02048,0,0,0,1,0,0
chn_test_track_b_02049,0,0,0,0,0,0
chn_test_track_b_02050,2,0,0,0,0,0
chn_test_track_b_02051,0,0,0,0,0,0
chn_test_track_b_02052,1,1,0,0,0,1
chn_test_track_b_02053,2,1,0,0,0,0
chn_test_track_b_02054,2,0,0,0,0,0
chn_test_track_b_02055,0,0,0,0,0,0
chn_test_track_b_02056,1,0,0,0,0,0
chn_test_track_b_02057,1,0,0,0,0,1
chn_test_track_b_02058,0,0,0,2,0,0
chn_test_track_b_02059,2,0,0,0,0,1
chn_test_track_b_02060,2,1,0,0,0,0
chn_test_track_b_02061,0,0,0,2,0,0
chn_test_track_b_02062,0,0,0,1,0,0
chn_test_track_b_02063,1,1,0,0,0,1
chn_test_track_b_02064,1,0,0,0,0,0
chn_test_track_b_02065,2,0,0,0,0,0
chn_test_track_b_02066,0,0,0,2,0,0
chn_test_track_b_02067,1,0,0,0,0,0
chn_test_track_b_02068,0,0,0,0,1,0
chn_test_track_b_02069,1,0,0,0,0,0
chn_test_track_b_02070,1,0,1,0,0,0
chn_test_track_b_02071,0,0,0,0,0,0
chn_test_track_b_02072,0,0,0,2,0,0
chn_test_track_b_02073,2,1,0,0,0,0
chn_test_track_b_02074,0,0,0,0,0,1
chn_test_track_b_02075,0,0,0,0,1,0
chn_test_track_b_02076,0,0,0,1,0,0
chn_test_track_b_02077,0,0,0,0,0,0
chn_test_track_b_02078,1,0,0,0,0,1
chn_test_track_b_02079,1,1,0,0,0,0
chn_test_track_b_02080,1,0,0,0,0,0
chn_test_track_b_02081,0,0,0,0,1,0
chn_test_track_b_02082,1,0,0,0,0,0
chn_test_track_b_02083,0,0,0,0,0,0
chn_test_track_b_02084,1,0,0,0,0,0
chn_test_track_b_02085,1,0,0,0,0,1
chn_test_track_b_02086,0,0,0,0,0,0
chn_test_track_b_02087,0,0,0,0,0,0
chn_test_track_b_02088,0,0,0,1,0,0
chn_test_track_b_02089,0,0,0,1,0,0
chn_test_track_b_02090,0,0,0,0,0,0
chn_test_track_b_02091,0,0,0,2,0,0
chn_test_track_b_02092,0,0,0,0,0,0
chn_test_track_b_02093,0,0,0,0,0,0
chn_test_track_b_02094,0,0,0,1,0,0
chn_test_track_b_02095,0,0,0,1,0,0
chn_test_track_b_02096,1,0,0,0,0,0
chn_test_track_b_02097,0,0,0,0,0,0
chn_test_track_b_02098,1,0,0,0,0,0
chn_test_track_b_02099,0,0,0,0,0,0
chn_test_track_b_02100,1,0,0,0,0,0
chn_test_track_b_02101,0,0,0,0,0,0
chn_test_track_b_02102,1,1,0,0,0,0
chn_test_track_b_02103,1,0,0,0,0,0
chn_test_track_b_02104,0,0,0,0,0,0
chn_test_track_b_02105,2,1,0,0,0,1
chn_test_track_b_02106,2,0,0,0,0,0
chn_test_track_b_02107,0,0,0,0,2,0
chn_test_track_b_02108,0,0,2,0,1,0
chn_test_track_b_02109,0,0,0,0,0,0
chn_test_track_b_02110,0,0,0,0,0,0
chn_test_track_b_02111,0,0,0,0,0,0
chn_test_track_b_02112,1,1,0,0,0,0
chn_test_track_b_02113,0,0,0,2,0,0
chn_test_track_b_02114,2,0,0,0,0,0
chn_test_track_b_02115,0,0,0,2,0,0
chn_test_track_b_02116,0,0,0,1,0,0
chn_test_track_b_02117,1,1,0,0,0,0
chn_test_track_b_02118,0,0,1,0,1,0
chn_test_track_b_02119,0,0,0,2,0,1
chn_test_track_b_02120,1,0,0,0,0,0
chn_test_track_b_02121,0,0,0,2,0,0
chn_test_track_b_02122,1,0,0,0,0,0
chn_test_track_b_02123,2,0,0,0,0,0
chn_test_track_b_02124,0,0,0,0,0,0
chn_test_track_b_02125,0,0,0,0,0,0
chn_test_track_b_02126,1,0,0,0,0,0
chn_test_track_b_02127,1,0,0,0,1,0
chn_test_track_b_02128,1,1,0,0,0,0
chn_test_track_b_02129,0,0,0,0,0,0
chn_test_track_b_02130,1,1,0,0,1,0
chn_test_track_b_02131,2,0,0,0,1,1
chn_test_track_b_02132,0,0,0,0,0,0
chn_test_track_b_02133,1,1,0,0,0,0
chn_test_track_b_02134,0,0,0,0,1,0
chn_test_track_b_02135,1,1,0,0,0,0
chn_test_track_b_02136,0,0,0,0,1,0
chn_test_track_b_02137,0,0,0,2,0,0
chn_test_track_b_02138,0,0,0,2,0,0
chn_test_track_b_02139,0,0,0,1,0,0
chn_test_track_b_02140,0,0,0,0,0,0
chn_test_track_b_02141,1,1,0,0,1,0
chn_test_track_b_02142,1,0,0,0,1,0
chn_test_track_b_02143,0,0,0,2,0,0
chn_test_track_b_02144,0,0,0,0,0,0
chn_test_track_b_02145,1,0,0,0,0,0
chn_test_track_b_02146,1,0,0,0,0,1
chn_test_track_b_02147,0,0,0,0,1,0
chn_test_track_b_02148,1,0,0,0,0,0
chn_test_track_b_02149,2,0,0,0,0,0
chn_test_track_b_02150,0,0,0,0,0,0
chn_test_track_b_02151,1,1,0,0,0,0
chn_test_track_b_02152,0,0,0,1,0,0
chn_test_track_b_02153,0,0,0,0,0,0
chn_test_track_b_02154,0,0,0,2,0,0
chn_test_track_b_02155,1,0,0,0,0,0
chn_test_track_b_02156,1,1,0,0,0,0
chn_test_track_b_02157,1,1,0,0,0,0
chn_test_track_b_02158,0,0,0,1,0,0
chn_test_track_b_02159,1,1,0,0,1,0
chn_test_track_b_02160,1,0,0,0,1,0
chn_test_track_b_02161,0,0,0,0,0,0
chn_test_track_b_02162,0,0,0,2,0,0
chn_test_track_b_02163,0,0,0,0,0,0
chn_test_track_b_02164,0,0,0,0,0,0
chn_test_track_b_02165,3,1,0,0,0,0
chn_test_track_b_02166,1,0,0,0,0,0
chn_test_track_b_02167,0,0,0,2,0,0
chn_test_track_b_02168,0,0,0,0,0,0
chn_test_track_b_02169,0,0,0,0,0,0
chn_test_track_b_02170,0,0,0,1,0,0
chn_test_track_b_02171,0,0,1,0,2,0
chn_test_track_b_02172,2,0,0,0,0,0
chn_test_track_b_02173,2,0,0,0,0,1
chn_test_track_b_02174,1,0,0,0,0,0
chn_test_track_b_02175,0,0,0,2,0,0
chn_test_track_b_02176,2,0,0,0,0,0
chn_test_track_b_02177,0,0,0,0,0,0
chn_test_track_b_02178,0,0,0,0,1,0
chn_test_track_b_02179,1,0,0,0,0,0
chn_test_track_b_02180,0,0,0,2,0,0
chn_test_track_b_02181,0,0,0,1,1,0
chn_test_track_b_02182,0,1,0,0,0,0
chn_test_track_b_02183,0,1,0,0,0,0
chn_test_track_b_02184,1,0,0,0,0,0
chn_test_track_b_02185,1,0,0,0,0,0
chn_test_track_b_02186,0,0,0,0,1,0
chn_test_track_b_02187,0,0,1,0,0,0
chn_test_track_b_02188,0,0,0,0,1,0
chn_test_track_b_02189,1,1,0,0,0,0
chn_test_track_b_02190,0,0,0,0,0,0
chn_test_track_b_02191,0,0,0,0,0,0
chn_test_track_b_02192,0,0,0,0,1,0
chn_test_track_b_02193,0,0,0,1,1,0
chn_test_track_b_02194,0,0,0,0,0,0
chn_test_track_b_02195,1,1,0,0,0,0
chn_test_track_b_02196,2,2,0,0,0,0
chn_test_track_b_02197,1,1,0,0,0,0
chn_test_track_b_02198,0,0,0,0,0,0
chn_test_track_b_02199,0,0,0,1,0,0
chn_test_track_b_02200,1,0,0,0,0,0
chn_test_track_b_02201,0,0,0,0,0,0
chn_test_track_b_02202,2,0,0,0,0,0
chn_test_track_b_02203,0,1,0,0,0,0
chn_test_track_b_02204,1,0,0,0,0,0
chn_test_track_b_02205,1,0,0,0,0,0
chn_test_track_b_02206,1,0,0,0,0,0
chn_test_track_b_02207,1,1,0,0,0,0
chn_test_track_b_02208,1,1,0,0,0,0
chn_test_track_b_02209,1,1,0,0,0,0
chn_test_track_b_02210,1,0,0,0,0,0
chn_test_track_b_02211,0,0,0,0,0,0
chn_test_track_b_02212,0,0,0,0,0,0
chn_test_track_b_02213,2,0,0,0,0,0
chn_test_track_b_02214,0,0,0,2,0,0
chn_test_track_b_02215,2,0,0,0,0,0
chn_test_track_b_02216,0,0,0,0,1,0
chn_test_track_b_02217,0,0,0,0,0,1
chn_test_track_b_02218,0,0,0,1,0,0
chn_test_track_b_02219,0,0,0,1,0,0
chn_test_track_b_02220,0,0,0,0,0,0
chn_test_track_b_02221,0,0,0,0,2,0
chn_test_track_b_02222,0,0,0,0,0,0
chn_test_track_b_02223,2,0,0,0,0,0
chn_test_track_b_02224,1,0,0,0,0,0
chn_test_track_b_02225,2,1,0,0,0,0
chn_test_track_b_02226,1,0,0,0,0,0
chn_test_track_b_02227,0,0,0,0,0,0
chn_test_track_b_02228,0,0,0,0,0,0
chn_test_track_b_02229,0,0,0,0,0,0
chn_test_track_b_02230,2,0,0,0,0,1
chn_test_track_b_02231,0,0,0,0,0,0
chn_test_track_b_02232,1,0,0,0,0,0
chn_test_track_b_02233,1,1,0,0,0,0
chn_test_track_b_02234,0,0,0,1,0,0
chn_test_track_b_02235,1,1,0,0,0,0
chn_test_track_b_02236,1,1,0,0,0,0
chn_test_track_b_02237,0,0,0,0,0,0
chn_test_track_b_02238,1,0,0,0,0,0
chn_test_track_b_02239,1,0,0,0,0,0
chn_test_track_b_02240,0,0,0,0,0,0
chn_test_track_b_02241,0,0,0,0,0,0
chn_test_track_b_02242,0,0,0,1,0,0
chn_test_track_b_02243,1,0,0,0,0,0
chn_test_track_b_02244,0,0,0,2,0,0
chn_test_track_b_02245,1,0,0,0,0,0
chn_test_track_b_02246,0,0,1,0,1,0
chn_test_track_b_02247,0,0,0,1,0,0
chn_test_track_b_02248,1,1,0,0,0,0
chn_test_track_b_02249,0,0,0,2,0,0
chn_test_track_b_02250,1,1,0,0,0,0
chn_test_track_b_02251,0,0,0,0,0,0
chn_test_track_b_02252,0,0,0,0,0,0
chn_test_track_b_02253,0,0,0,0,0,0
chn_test_track_b_02254,0,0,0,0,0,0
chn_test_track_b_02255,0,0,0,0,0,0
chn_test_track_b_02256,2,0,0,0,0,1
chn_test_track_b_02257,0,0,0,2,0,0
chn_test_track_b_02258,0,0,0,0,0,0
chn_test_track_b_02259,0,0,1,0,0,0
chn_test_track_b_02260,0,0,0,0,1,0
chn_test_track_b_02261,0,0,0,0,0,0
chn_test_track_b_02262,0,0,0,0,1,0
chn_test_track_b_02263,1,0,0,0,0,0
chn_test_track_b_02264,0,0,0,0,0,0
chn_test_track_b_02265,0,0,0,0,0,0
chn_test_track_b_02266,0,0,0,0,1,0
chn_test_track_b_02267,0,0,0,0,0,0
chn_test_track_b_02268,0,1,0,0,1,0
chn_test_track_b_02269,2,0,0,0,0,0
chn_test_track_b_02270,1,0,0,0,0,0
chn_test_track_b_02271,0,0,0,0,0,0
chn_test_track_b_02272,2,0,0,0,0,0
chn_test_track_b_02273,1,1,0,0,0,0
chn_test_track_b_02274,2,1,0,0,0,0
chn_test_track_b_02275,0,0,0,0,1,0
chn_test_track_b_02276,1,0,0,0,1,0
chn_test_track_b_02277,1,0,0,0,0,0
chn_test_track_b_02278,2,0,0,0,0,0
chn_test_track_b_02279,0,0,0,0,0,0
chn_test_track_b_02280,0,0,0,0,0,0
chn_test_track_b_02281,0,0,0,0,0,0
chn_test_track_b_02282,1,0,0,0,0,0
chn_test_track_b_02283,1,0,0,0,0,0
chn_test_track_b_02284,1,0,0,0,0,0
chn_test_track_b_02285,1,2,0,0,0,0
chn_test_track_b_02286,2,1,0,0,0,0
chn_test_track_b_02287,1,1,0,0,0,0
chn_test_track_b_02288,0,0,0,2,0,0
chn_test_track_b_02289,0,0,0,2,0,0
chn_test_track_b_02290,0,0,0,0,0,0
chn_test_track_b_02291,0,0,0,0,0,0
chn_test_track_b_02292,1,0,0,0,0,0
chn_test_track_b_02293,0,1,0,0,2,0
chn_test_track_b_02294,0,0,0,1,0,0
chn_test_track_b_02295,0,0,0,0,0,0
chn_test_track_b_02296,0,0,0,1,1,0
chn_test_track_b_02297,2,0,0,0,0,0
chn_test_track_b_02298,0,0,0,0,1,0
chn_test_track_b_02299,0,0,0,0,0,0
chn_test_track_b_02300,0,0,0,0,0,0
chn_test_track_b_02301,2,0,0,0,0,0
chn_test_track_b_02302,0,0,0,0,0,0
chn_test_track_b_02303,1,0,0,0,0,0
chn_test_track_b_02304,1,0,0,0,1,0
chn_test_track_b_02305,2,1,0,0,0,0
chn_test_track_b_02306,0,0,0,1,0,0
chn_test_track_b_02307,2,0,0,0,0,0
chn_test_track_b_02308,2,1,0,0,0,0
chn_test_track_b_02309,0,0,0,1,0,0
chn_test_track_b_02310,0,0,0,0,0,0
chn_test_track_b_02311,0,0,1,0,1,0
chn_test_track_b_02312,1,0,0,0,0,0
chn_test_track_b_02313,1,0,0,0,0,0
chn_test_track_b_02314,0,0,0,0,0,0
chn_test_track_b_02315,0,0,0,0,1,0
chn_test_track_b_02316,1,0,0,0,0,0
chn_test_track_b_02317,0,0,0,0,0,0
chn_test_track_b_02318,1,0,0,0,0,1
chn_test_track_b_02319,0,1,0,0,0,0
chn_test_track_b_02320,0,0,0,0,0,0
chn_test_track_b_02321,0,0,0,0,0,0
chn_test_track_b_02322,1,1,0,0,0,0
chn_test_track_b_02323,1,0,0,0,0,0
chn_test_track_b_02324,0,0,1,0,0,0
chn_test_track_b_02325,0,0,0,0,1,0
chn_test_track_b_02326,0,0,0,2,0,0
chn_test_track_b_02327,0,0,0,0,0,0
chn_test_track_b_02328,0,0,0,1,0,0
chn_test_track_b_02329,0,0,0,2,0,0
chn_test_track_b_02330,1,0,0,0,0,0
chn_test_track_b_02331,0,0,0,0,1,1
chn_test_track_b_02332,1,0,0,0,0,0
chn_test_track_b_02333,2,2,0,0,0,0
chn_test_track_b_02334,0,1,0,0,1,0
chn_test_track_b_02335,0,0,0,0,0,0
chn_test_track_b_02336,0,0,0,0,0,1
chn_test_track_b_02337,0,0,0,0,0,1
chn_test_track_b_02338,0,0,0,2,0,0
chn_test_track_b_02339,0,0,0,2,0,0
chn_test_track_b_02340,0,0,0,0,0,0
chn_test_track_b_02341,0,1,0,0,0,0
chn_test_track_b_02342,0,0,0,1,0,0
chn_test_track_b_02343,0,0,0,2,0,0
chn_test_track_b_02344,0,0,0,0,0,0
chn_test_track_b_02345,0,0,0,0,0,0
chn_test_track_b_02346,1,0,0,0,0,0
chn_test_track_b_02347,0,0,0,0,0,0
chn_test_track_b_02348,0,0,0,2,0,0
chn_test_track_b_02349,0,0,0,2,0,0
chn_test_track_b_02350,2,1,0,0,2,0
chn_test_track_b_02351,0,0,0,0,0,0
chn_test_track_b_02352,2,0,0,0,0,0
chn_test_track_b_02353,2,0,0,0,0,0
chn_test_track_b_02354,0,0,0,0,0,0
chn_test_track_b_02355,1,1,0,0,0,0
chn_test_track_b_02356,0,0,0,0,0,0
chn_test_track_b_02357,0,0,0,2,0,0
chn_test_track_b_02358,0,0,0,1,0,0
chn_test_track_b_02359,0,0,1,0,2,0
chn_test_track_b_02360,1,0,0,0,0,0
chn_test_track_b_02361,0,0,0,0,0,0
chn_test_track_b_02362,1,0,0,0,0,0
chn_test_track_b_02363,1,0,0,0,0,0
chn_test_track_b_02364,0,0,0,0,2,0
chn_test_track_b_02365,0,0,0,2,0,0
chn_test_track_b_02366,2,0,0,0,0,0
chn_test_track_b_02367,0,0,0,2,0,0
chn_test_track_b_02368,0,0,0,0,0,1
chn_test_track_b_02369,1,0,0,0,0,0
chn_test_track_b_02370,0,0,0,1,0,0
chn_test_track_b_02371,0,0,0,0,0,0
chn_test_track_b_02372,0,1,0,0,0,0
chn_test_track_b_02373,1,1,0,0,0,0
chn_test_track_b_02374,0,0,0,2,0,0
chn_test_track_b_02375,0,0,0,1,0,0
chn_test_track_b_02376,0,0,0,0,0,0
chn_test_track_b_02377,0,0,0,2,0,0
chn_test_track_b_02378,0,0,0,0,1,0
chn_test_track_b_02379,2,0,0,0,0,0
chn_test_track_b_02380,0,0,0,2,0,0
chn_test_track_b_02381,2,0,0,0,0,0
chn_test_track_b_02382,0,0,0,0,0,0
chn_test_track_b_02383,2,0,0,0,0,1
chn_test_track_b_02384,0,0,0,0,2,0
chn_test_track_b_02385,1,1,0,0,0,0
chn_test_track_b_02386,2,2,0,0,0,0
chn_test_track_b_02387,1,0,0,0,0,1
chn_test_track_b_02388,0,0,0,0,1,0
chn_test_track_b_02389,0,0,0,2,0,0
chn_test_track_b_02390,0,0,0,0,0,0
chn_test_track_b_02391,1,1,0,0,0,0
chn_test_track_b_02392,0,0,0,0,1,0
chn_test_track_b_02393,0,0,0,0,0,1
chn_test_track_b_02394,0,0,0,0,0,0
chn_test_track_b_02395,1,0,0,0,0,0
chn_test_track_b_02396,2,0,0,0,0,0
chn_test_track_b_02397,0,0,0,2,0,0
chn_test_track_b_02398,0,0,0,0,0,0
chn_test_track_b_02399,0,0,0,2,0,0
chn_test_track_b_02400,2,0,0,0,1,0
chn_test_track_b_02401,1,0,0,0,0,0
chn_test_track_b_02402,1,0,0,0,0,0
chn_test_track_b_02403,1,0,0,0,2,0
chn_test_track_b_02404,0,1,0,0,0,0
chn_test_track_b_02405,2,0,1,0,0,0
chn_test_track_b_02406,0,0,0,0,0,0
chn_test_track_b_02407,1,0,0,0,0,1
chn_test_track_b_02408,1,0,0,0,0,0
chn_test_track_b_02409,0,1,0,0,0,0
chn_test_track_b_02410,1,1,0,0,0,0
chn_test_track_b_02411,0,0,0,0,1,0
chn_test_track_b_02412,1,1,0,0,0,0
chn_test_track_b_02413,0,0,0,0,0,0
chn_test_track_b_02414,1,0,0,0,0,1
chn_test_track_b_02415,0,0,0,1,0,0
chn_test_track_b_02416,0,0,0,0,0,1
chn_test_track_b_02417,1,0,0,0,0,0
chn_test_track_b_02418,0,0,0,0,0,0
chn_test_track_b_02419,1,1,0,0,0,0
chn_test_track_b_02420,1,0,0,0,2,0
chn_test_track_b_02421,1,0,0,0,1,0
chn_test_track_b_02422,2,1,0,0,0,0
chn_test_track_b_02423,0,0,0,0,0,0
chn_test_track_b_02424,2,0,0,0,0,0
chn_test_track_b_02425,0,0,0,2,0,0
chn_test_track_b_02426,1,0,0,0,0,1
chn_test_track_b_02427,1,0,0,0,0,0
chn_test_track_b_02428,1,1,0,0,0,0
chn_test_track_b_02429,2,0,0,0,0,0
chn_test_track_b_02430,1,1,0,0,0,0
chn_test_track_b_02431,2,1,0,0,0,1
chn_test_track_b_02432,2,0,0,0,0,0
chn_test_track_b_02433,1,1,0,0,0,0
chn_test_track_b_02434,1,0,0,0,0,0
chn_test_track_b_02435,1,1,0,0,0,0
chn_test_track_b_02436,2,0,0,0,0,0
chn_test_track_b_02437,1,0,0,0,0,0
chn_test_track_b_02438,0,0,0,2,0,0
chn_test_track_b_02439,0,0,0,2,0,0
chn_test_track_b_02440,0,0,0,2,0,0
chn_test_track_b_02441,0,0,0,0,0,0
chn_test_track_b_02442,0,0,0,0,0,0
chn_test_track_b_02443,2,2,0,0,0,0
chn_test_track_b_02444,1,0,0,0,0,0
chn_test_track_b_02445,0,0,0,1,0,0
chn_test_track_b_02446,0,0,0,0,0,0
chn_test_track_b_02447,2,1,0,0,0,0
chn_test_track_b_02448,1,1,0,0,0,0
chn_test_track_b_02449,2,1,0,0,0,0
chn_test_track_b_02450,0,0,0,2,0,0
chn_test_track_b_02451,0,0,0,2,0,0
chn_test_track_b_02452,0,0,0,2,0,0
chn_test_track_b_02453,1,1,0,0,0,0
chn_test_track_b_02454,0,0,0,0,0,0
chn_test_track_b_02455,0,0,0,0,1,0
chn_test_track_b_02456,0,0,0,2,0,0
chn_test_track_b_02457,0,0,0,0,1,0
chn_test_track_b_02458,0,0,0,0,0,0
chn_test_track_b_02459,0,0,0,0,0,0
chn_test_track_b_02460,0,0,1,0,1,0
chn_test_track_b_02461,2,0,0,0,0,0
chn_test_track_b_02462,0,0,0,0,0,0
chn_test_track_b_02463,2,0,0,0,0,0
chn_test_track_b_02464,0,0,1,0,1,1
chn_test_track_b_02465,0,0,0,0,0,0
chn_test_track_b_02466,2,1,0,0,0,0
chn_test_track_b_02467,1,0,0,0,0,0
chn_test_track_b_02468,0,0,0,2,0,0
chn_test_track_b_02469,0,0,0,0,0,0
chn_test_track_b_02470,0,0,0,0,0,0
chn_test_track_b_02471,1,0,0,0,0,0
chn_test_track_b_02472,0,0,0,0,2,0
chn_test_track_b_02473,1,1,0,0,0,1
chn_test_track_b_02474,1,1,0,0,0,0
chn_test_track_b_02475,1,0,0,0,0,0
chn_test_track_b_02476,0,0,0,0,0,0
chn_test_track_b_02477,1,0,0,0,0,0
chn_test_track_b_02478,0,0,0,0,1,0
chn_test_track_b_02479,2,0,0,0,0,0
chn_test_track_b_02480,0,0,0,0,0,0
chn_test_track_b_02481,1,1,0,0,0,0
chn_test_track_b_02482,2,0,0,0,0,0
chn_test_track_b_02483,0,0,0,0,0,0
chn_test_track_b_02484,1,1,0,0,0,0
chn_test_track_b_02485,0,0,0,0,0,0
chn_test_track_b_02486,2,0,0,0,0,0
chn_test_track_b_02487,1,1,0,0,0,1
chn_test_track_b_02488,1,0,0,0,0,0
chn_test_track_b_02489,1,0,0,0,0,0
chn_test_track_b_02490,0,0,0,0,0,0
chn_test_track_b_02491,1,0,0,0,0,0
chn_test_track_b_02492,1,0,0,0,0,0
chn_test_track_b_02493,0,0,0,0,0,0
chn_test_track_b_02494,0,0,0,0,1,0
chn_test_track_b_02495,1,1,0,0,0,0
chn_test_track_b_02496,0,0,0,0,0,1
chn_test_track_b_02497,2,0,0,0,0,0
chn_test_track_b_02498,1,0,0,0,0,0
chn_test_track_b_02499,0,0,0,2,0,0
chn_test_track_b_02500,1,1,0,0,0,0
chn_test_track_b_02501,0,0,0,2,0,0
chn_test_track_b_02502,1,0,0,0,0,0
chn_test_track_b_02503,0,0,0,0,0,0
chn_test_track_b_02504,2,1,0,0,0,0
chn_test_track_b_02505,0,0,0,1,0,0
chn_test_track_b_02506,0,0,0,0,0,1
chn_test_track_b_02507,0,0,2,0,0,0
chn_test_track_b_02508,0,0,0,0,1,0
chn_test_track_b_02509,0,0,0,0,0,0
chn_test_track_b_02510,0,0,1,0,1,0
chn_test_track_b_02511,0,0,0,0,0,0
chn_test_track_b_02512,0,0,0,0,1,0
chn_test_track_b_02513,1,0,0,0,0,0
chn_test_track_b_02514,1,1,0,0,0,0
chn_test_track_b_02515,1,0,0,0,0,0
chn_test_track_b_02516,2,1,0,0,0,0
chn_test_track_b_02517,1,0,0,0,0,1
chn_test_track_b_02518,1,0,0,0,0,0
chn_test_track_b_02519,0,0,0,1,0,0
chn_test_track_b_02520,0,0,0,2,0,0
chn_test_track_b_02521,0,0,0,0,0,0
chn_test_track_b_02522,0,0,0,1,0,0
chn_test_track_b_02523,1,1,0,0,0,0
chn_test_track_b_02524,0,0,0,0,0,0
chn_test_track_b_02525,0,0,0,2,0,0
chn_test_track_b_02526,0,0,0,1,0,0
chn_test_track_b_02527,0,0,0,0,0,0
chn_test_track_b_02528,0,0,0,2,0,0
chn_test_track_b_02529,0,0,0,0,0,1
chn_test_track_b_02530,2,1,0,0,0,0
chn_test_track_b_02531,0,0,0,2,0,0
chn_test_track_b_02532,1,1,0,0,0,0
chn_test_track_b_02533,0,0,0,0,0,0
chn_test_track_b_02534,0,0,0,0,1,0
chn_test_track_b_02535,1,0,0,0,0,0
chn_test_track_b_02536,2,0,0,0,0,1
chn_test_track_b_02537,0,0,1,0,0,0
chn_test_track_b_02538,0,0,0,0,0,0
chn_test_track_b_02539,2,1,0,0,0,0
chn_test_track_b_02540,1,1,0,0,0,0
chn_test_track_b_02541,1,1,0,0,0,0
chn_test_track_b_02542,1,0,0,0,0,0
chn_test_track_b_02543,0,0,0,2,0,0
chn_test_track_b_02544,1,1,0,0,0,1
chn_test_track_b_02545,1,0,0,0,0,0
chn_test_track_b_02546,0,0,0,1,0,0
chn_test_track_b_02547,1,0,0,0,0,0
chn_test_track_b_02548,1,0,0,0,0,1
chn_test_track_b_02549,0,0,0,0,0,0
chn_test_track_b_02550,0,0,0,0,0,0
chn_test_track_b_02551,2,1,0,0,0,0
chn_test_track_b_02552,0,0,0,0,0,0
chn_test_track_b_02553,1,0,0,0,0,0
chn_test_track_b_02554,1,0,0,0,0,0
chn_test_track_b_02555,0,0,0,1,0,0
chn_test_track_b_02556,0,0,0,0,1,0
chn_test_track_b_02557,1,1,0,0,0,0
chn_test_track_b_02558,1,0,0,0,0,0
chn_test_track_b_02559,0,0,0,0,2,0
chn_test_track_b_02560,0,0,0,0,0,1
chn_test_track_b_02561,0,0,1,0,0,0
chn_test_track_b_02562,0,0,0,0,0,0
chn_test_track_b_02563,0,0,0,0,1,0
chn_test_track_b_02564,1,1,0,0,0,0
chn_test_track_b_02565,2,0,0,0,0,0
chn_test_track_b_02566,0,0,0,0,0,0
chn_test_track_b_02567,0,0,0,0,1,0
chn_test_track_b_02568,0,0,0,0,0,0
chn_test_track_b_02569,0,0,0,0,0,0
chn_test_track_b_02570,0,0,0,0,2,0
chn_test_track_b_02571,0,0,0,1,0,0
chn_test_track_b_02572,0,0,0,0,0,0
chn_test_track_b_02573,0,0,0,0,0,0
chn_test_track_b_02574,0,0,0,2,0,0
chn_test_track_b_02575,1,0,0,0,1,0
chn_test_track_b_02576,0,0,0,0,0,0
chn_test_track_b_02577,0,0,0,0,0,0
chn_test_track_b_02578,0,0,0,0,1,0
chn_test_track_b_02579,0,0,0,2,0,0
chn_test_track_b_02580,0,0,0,2,0,0
chn_test_track_b_02581,2,0,0,0,0,0
chn_test_track_b_02582,2,0,0,0,0,0
chn_test_track_b_02583,1,1,0,0,0,0
chn_test_track_b_02584,0,0,0,0,0,0
chn_test_track_b_02585,1,0,0,0,0,0
chn_test_track_b_02586,0,0,0,2,0,0
chn_test_track_b_02587,2,0,0,0,0,0
chn_test_track_b_02588,0,0,0,0,1,0
chn_test_track_b_02589,1,0,0,0,0,0
chn_test_track_b_02590,1,0,0,0,0,0
chn_test_track_b_02591,0,0,0,0,1,0
chn_test_track_b_02592,2,1,0,0,1,0
chn_test_track_b_02593,1,0,0,0,0,0
chn_test_track_b_02594,2,0,0,0,0,1
chn_test_track_b_02595,2,0,0,0,0,1
chn_test_track_b_02596,0,0,0,0,0,0
chn_test_track_b_02597,1,0,0,0,0,0
chn_test_track_b_02598,0,0,0,2,0,0
chn_test_track_b_02599,1,0,0,0,0,0
chn_test_track_b_02600,1,0,0,0,0,0
chn_test_track_b_02601,2,1,0,0,0,0
chn_test_track_b_02602,1,1,0,0,0,0
chn_test_track_b_02603,0,0,0,0,0,0
chn_test_track_b_02604,0,0,0,0,0,2
chn_test_track_b_02605,1,0,0,0,0,0
chn_test_track_b_02606,0,0,0,0,2,0
chn_test_track_b_02607,0,0,0,0,0,0
chn_test_track_b_02608,0,0,0,0,0,0
chn_test_track_b_02609,1,0,0,0,0,0
chn_test_track_b_02610,0,0,0,0,0,0
chn_test_track_b_02611,0,0,0,3,0,0
chn_test_track_b_02612,0,0,0,0,1,0
chn_test_track_b_02613,0,0,0,0,0,0
chn_test_track_b_02614,0,0,0,0,0,0
chn_test_track_b_02615,0,0,0,0,1,0
chn_test_track_b_02616,0,0,0,1,0,0
chn_test_track_b_02617,0,0,0,0,0,0
chn_test_track_b_02618,1,0,0,0,0,0
chn_test_track_b_02619,0,0,0,0,0,0
chn_test_track_b_02620,0,0,0,0,0,0
chn_test_track_b_02621,0,0,0,2,0,0
chn_test_track_b_02622,0,0,0,0,1,0
chn_test_track_b_02623,0,0,0,0,0,0
chn_test_track_b_02624,0,0,0,0,0,0
chn_test_track_b_02625,0,0,0,0,0,0
chn_test_track_b_02626,1,0,0,0,0,0
chn_test_track_b_02627,1,0,0,0,0,0
chn_test_track_b_02628,1,0,0,0,0,0
chn_test_track_b_02629,0,0,0,0,1,0
chn_test_track_b_02630,0,0,0,0,0,0
chn_test_track_b_02631,0,0,0,2,0,0
chn_test_track_b_02632,1,0,0,0,0,0
chn_test_track_b_02633,0,0,0,0,0,0
chn_test_track_b_02634,0,0,0,0,0,1
chn_test_track_b_02635,1,0,0,0,1,0
chn_test_track_b_02636,0,0,0,1,0,0
chn_test_track_b_02637,1,1,0,0,0,0
chn_test_track_b_02638,1,1,0,0,0,0
chn_test_track_b_02639,0,0,0,2,0,0
chn_test_track_b_02640,0,0,0,0,0,0
chn_test_track_b_02641,0,0,0,0,0,0
chn_test_track_b_02642,0,0,0,2,0,0
