id,anger,fear,joy,sadness,surprise
arq_test_track_a_00001,0,0,1,1,0
arq_test_track_a_00002,0,1,0,1,1
arq_test_track_a_00003,0,0,1,1,0
arq_test_track_a_00004,1,0,0,0,1
arq_test_track_a_00005,0,0,0,0,1
arq_test_track_a_00006,0,0,0,0,0
arq_test_track_a_00007,1,0,0,1,0
arq_test_track_a_00008,0,0,0,1,1
arq_test_track_a_00009,0,1,0,1,1
arq_test_track_a_00010,0,0,1,0,0
arq_test_track_a_00011,1,0,0,0,0
arq_test_track_a_00012,1,0,0,0,0
arq_test_track_a_00013,0,0,0,0,0
arq_test_track_a_00014,0,0,1,0,1
arq_test_track_a_00015,0,0,0,1,0
arq_test_track_a_00016,1,1,0,1,1
arq_test_track_a_00017,0,0,1,1,0
arq_test_track_a_00018,0,0,0,1,0
arq_test_track_a_00019,0,0,0,1,0
arq_test_track_a_00020,0,1,0,1,0
arq_test_track_a_00021,0,0,0,1,0
arq_test_track_a_00022,0,1,0,1,0
arq_test_track_a_00023,1,1,0,0,1
arq_test_track_a_00024,0,0,0,0,1
arq_test_track_a_00025,1,0,0,1,0
arq_test_track_a_00026,1,0,0,0,1
arq_test_track_a_00027,0,0,0,1,0
arq_test_track_a_00028,1,0,0,0,1
arq_test_track_a_00029,1,1,0,1,0
arq_test_track_a_00030,0,1,0,1,0
arq_test_track_a_00031,0,1,0,1,0
arq_test_track_a_00032,0,0,1,0,1
arq_test_track_a_00033,0,0,0,1,0
arq_test_track_a_00034,0,0,0,1,1
arq_test_track_a_00035,0,0,0,0,1
arq_test_track_a_00036,0,1,0,1,0
arq_test_track_a_00037,1,0,0,1,0
arq_test_track_a_00038,0,0,1,0,0
arq_test_track_a_00039,1,0,0,0,1
arq_test_track_a_00040,1,0,0,1,0
arq_test_track_a_00041,0,0,0,0,1
arq_test_track_a_00042,0,0,0,0,1
arq_test_track_a_00043,0,0,0,1,1
arq_test_track_a_00044,0,1,0,1,0
arq_test_track_a_00045,0,1,1,0,0
arq_test_track_a_00046,0,0,0,1,0
arq_test_track_a_00047,0,0,0,0,0
arq_test_track_a_00048,0,1,0,0,1
arq_test_track_a_00049,1,0,0,0,0
arq_test_track_a_00050,0,0,1,0,1
arq_test_track_a_00051,0,0,0,0,1
arq_test_track_a_00052,0,0,1,1,1
arq_test_track_a_00053,0,1,0,0,1
arq_test_track_a_00054,0,1,0,1,0
arq_test_track_a_00055,0,0,1,0,0
arq_test_track_a_00056,0,0,1,0,1
arq_test_track_a_00057,0,0,0,0,0
arq_test_track_a_00058,0,0,0,1,0
arq_test_track_a_00059,0,0,0,0,0
arq_test_track_a_00060,0,0,0,0,0
arq_test_track_a_00061,0,0,0,1,0
arq_test_track_a_00062,1,0,0,0,0
arq_test_track_a_00063,0,0,0,1,1
arq_test_track_a_00064,1,0,0,0,0
arq_test_track_a_00065,0,0,0,1,0
arq_test_track_a_00066,1,0,0,0,1
arq_test_track_a_00067,1,1,0,0,1
arq_test_track_a_00068,0,1,0,0,1
arq_test_track_a_00069,0,0,0,0,0
arq_test_track_a_00070,0,0,0,1,0
arq_test_track_a_00071,0,0,0,0,0
arq_test_track_a_00072,1,0,0,0,0
arq_test_track_a_00073,1,1,0,1,0
arq_test_track_a_00074,0,1,0,1,1
arq_test_track_a_00075,0,1,0,1,0
arq_test_track_a_00076,0,0,1,0,1
arq_test_track_a_00077,0,0,0,1,0
arq_test_track_a_00078,0,1,0,1,1
arq_test_track_a_00079,0,0,0,0,1
arq_test_track_a_00080,0,0,0,1,0
arq_test_track_a_00081,0,1,1,1,0
arq_test_track_a_00082,0,0,1,0,0
arq_test_track_a_00083,0,0,0,0,0
arq_test_track_a_00084,0,0,0,0,1
arq_test_track_a_00085,0,0,0,1,0
arq_test_track_a_00086,0,0,0,0,0
arq_test_track_a_00087,0,1,0,0,1
arq_test_track_a_00088,0,0,0,0,0
arq_test_track_a_00089,0,0,0,1,0
arq_test_track_a_00090,0,0,0,1,0
arq_test_track_a_00091,1,1,0,1,1
arq_test_track_a_00092,1,0,0,1,0
arq_test_track_a_00093,0,1,0,0,0
arq_test_track_a_00094,1,0,0,0,1
arq_test_track_a_00095,1,0,0,1,0
arq_test_track_a_00096,0,0,0,0,0
arq_test_track_a_00097,1,0,0,1,0
arq_test_track_a_00098,0,1,0,0,0
arq_test_track_a_00099,0,0,0,1,0
arq_test_track_a_00100,1,1,0,0,1
arq_test_track_a_00101,0,0,0,0,0
arq_test_track_a_00102,0,0,0,0,0
arq_test_track_a_00103,0,1,0,0,1
arq_test_track_a_00104,0,1,0,1,1
arq_test_track_a_00105,0,0,1,0,0
arq_test_track_a_00106,1,0,0,1,1
arq_test_track_a_00107,0,0,1,1,0
arq_test_track_a_00108,0,0,0,0,0
arq_test_track_a_00109,0,1,0,1,0
arq_test_track_a_00110,0,0,0,1,0
arq_test_track_a_00111,1,1,0,1,0
arq_test_track_a_00112,1,0,0,0,1
arq_test_track_a_00113,0,0,0,0,0
arq_test_track_a_00114,1,0,0,0,1
arq_test_track_a_00115,1,1,0,1,0
arq_test_track_a_00116,1,0,0,0,0
arq_test_track_a_00117,0,1,0,0,0
arq_test_track_a_00118,0,0,0,1,0
arq_test_track_a_00119,1,0,0,1,0
arq_test_track_a_00120,0,0,1,0,0
arq_test_track_a_00121,0,0,0,0,1
arq_test_track_a_00122,1,0,0,0,0
arq_test_track_a_00123,0,1,0,1,1
arq_test_track_a_00124,0,0,1,0,0
arq_test_track_a_00125,0,0,1,0,0
arq_test_track_a_00126,1,0,1,0,0
arq_test_track_a_00127,1,0,0,1,0
arq_test_track_a_00128,0,0,1,0,1
arq_test_track_a_00129,0,0,0,1,0
arq_test_track_a_00130,1,1,0,1,0
arq_test_track_a_00131,0,1,0,0,0
arq_test_track_a_00132,0,1,0,0,1
arq_test_track_a_00133,0,0,0,1,0
arq_test_track_a_00134,0,0,0,1,0
arq_test_track_a_00135,1,0,0,1,0
arq_test_track_a_00136,1,1,0,1,0
arq_test_track_a_00137,0,0,1,1,0
arq_test_track_a_00138,0,0,0,0,0
arq_test_track_a_00139,0,1,0,1,1
arq_test_track_a_00140,0,0,0,0,1
arq_test_track_a_00141,0,0,1,0,1
arq_test_track_a_00142,0,0,0,1,1
arq_test_track_a_00143,0,0,0,1,0
arq_test_track_a_00144,0,0,0,1,0
arq_test_track_a_00145,0,0,0,0,1
arq_test_track_a_00146,1,0,0,0,0
arq_test_track_a_00147,0,0,0,0,1
arq_test_track_a_00148,0,0,0,0,1
arq_test_track_a_00149,0,0,0,0,0
arq_test_track_a_00150,1,0,0,0,0
arq_test_track_a_00151,1,1,0,1,0
arq_test_track_a_00152,0,0,1,0,1
arq_test_track_a_00153,0,0,1,0,0
arq_test_track_a_00154,1,0,0,1,0
arq_test_track_a_00155,1,0,0,0,0
arq_test_track_a_00156,0,0,0,0,1
arq_test_track_a_00157,0,0,0,0,0
arq_test_track_a_00158,0,0,1,0,0
arq_test_track_a_00159,1,1,0,1,0
arq_test_track_a_00160,0,1,0,0,0
arq_test_track_a_00161,0,0,0,1,0
arq_test_track_a_00162,1,0,0,1,0
arq_test_track_a_00163,0,0,1,1,0
arq_test_track_a_00164,0,0,0,0,0
arq_test_track_a_00165,1,0,0,0,0
arq_test_track_a_00166,1,1,0,1,0
arq_test_track_a_00167,1,0,0,0,0
arq_test_track_a_00168,0,0,0,1,0
arq_test_track_a_00169,0,0,1,0,0
arq_test_track_a_00170,1,1,0,1,0
arq_test_track_a_00171,0,1,0,0,1
arq_test_track_a_00172,0,0,0,0,1
arq_test_track_a_00173,0,1,0,1,1
arq_test_track_a_00174,0,0,0,1,0
arq_test_track_a_00175,1,0,1,0,1
arq_test_track_a_00176,0,0,0,1,1
arq_test_track_a_00177,0,1,0,1,0
arq_test_track_a_00178,0,0,0,1,0
arq_test_track_a_00179,0,0,0,0,1
arq_test_track_a_00180,0,0,1,1,0
arq_test_track_a_00181,0,0,0,0,0
arq_test_track_a_00182,0,0,0,1,0
arq_test_track_a_00183,0,1,0,0,1
arq_test_track_a_00184,0,0,0,1,0
arq_test_track_a_00185,0,0,0,0,1
arq_test_track_a_00186,1,1,0,0,1
arq_test_track_a_00187,1,0,0,0,1
arq_test_track_a_00188,1,0,0,0,0
arq_test_track_a_00189,0,1,0,0,1
arq_test_track_a_00190,0,0,0,1,0
arq_test_track_a_00191,1,1,0,1,0
arq_test_track_a_00192,1,0,0,0,0
arq_test_track_a_00193,0,0,0,0,0
arq_test_track_a_00194,0,0,0,0,1
arq_test_track_a_00195,0,1,0,0,1
arq_test_track_a_00196,0,1,0,1,1
arq_test_track_a_00197,0,0,1,0,1
arq_test_track_a_00198,0,0,1,0,1
arq_test_track_a_00199,1,0,0,0,0
arq_test_track_a_00200,0,1,0,1,0
arq_test_track_a_00201,1,1,0,1,0
arq_test_track_a_00202,0,0,0,0,0
arq_test_track_a_00203,0,0,1,0,0
arq_test_track_a_00204,0,0,1,1,0
arq_test_track_a_00205,0,0,0,0,0
arq_test_track_a_00206,0,0,0,0,0
arq_test_track_a_00207,1,0,0,1,0
arq_test_track_a_00208,0,0,0,0,1
arq_test_track_a_00209,0,0,0,0,0
arq_test_track_a_00210,1,0,0,0,0
arq_test_track_a_00211,0,0,1,0,0
arq_test_track_a_00212,1,0,0,0,1
arq_test_track_a_00213,1,1,0,1,0
arq_test_track_a_00214,0,0,0,0,1
arq_test_track_a_00215,1,0,0,0,1
arq_test_track_a_00216,1,0,0,1,1
arq_test_track_a_00217,1,1,1,1,1
arq_test_track_a_00218,1,0,0,0,1
arq_test_track_a_00219,0,0,0,0,0
arq_test_track_a_00220,1,0,0,0,0
arq_test_track_a_00221,0,0,0,1,0
arq_test_track_a_00222,1,0,0,1,0
arq_test_track_a_00223,0,0,0,1,0
arq_test_track_a_00224,1,0,0,0,1
arq_test_track_a_00225,0,0,0,1,0
arq_test_track_a_00226,0,0,0,0,1
arq_test_track_a_00227,0,0,0,1,1
arq_test_track_a_00228,0,1,0,1,0
arq_test_track_a_00229,0,0,0,1,0
arq_test_track_a_00230,0,0,1,0,0
arq_test_track_a_00231,1,0,0,0,0
arq_test_track_a_00232,0,0,0,1,0
arq_test_track_a_00233,1,0,0,1,0
arq_test_track_a_00234,0,0,0,0,1
arq_test_track_a_00235,1,1,0,0,1
arq_test_track_a_00236,1,0,0,1,0
arq_test_track_a_00237,0,0,0,0,1
arq_test_track_a_00238,0,0,1,0,0
arq_test_track_a_00239,0,0,0,1,0
arq_test_track_a_00240,0,1,0,0,0
arq_test_track_a_00241,0,0,0,1,0
arq_test_track_a_00242,0,0,1,0,0
arq_test_track_a_00243,0,0,0,1,0
arq_test_track_a_00244,0,0,1,0,0
arq_test_track_a_00245,1,0,0,0,1
arq_test_track_a_00246,0,0,0,1,0
arq_test_track_a_00247,0,0,0,0,0
arq_test_track_a_00248,0,0,1,0,0
arq_test_track_a_00249,0,0,0,0,0
arq_test_track_a_00250,1,0,0,0,0
arq_test_track_a_00251,1,1,0,0,1
arq_test_track_a_00252,0,0,0,0,0
arq_test_track_a_00253,0,1,0,1,1
arq_test_track_a_00254,0,0,0,1,0
arq_test_track_a_00255,0,0,0,0,0
arq_test_track_a_00256,0,0,0,0,1
arq_test_track_a_00257,0,0,1,0,0
arq_test_track_a_00258,1,0,0,1,0
arq_test_track_a_00259,0,0,0,0,0
arq_test_track_a_00260,0,0,0,1,0
arq_test_track_a_00261,0,0,0,1,0
arq_test_track_a_00262,1,0,0,1,0
arq_test_track_a_00263,0,1,0,1,1
arq_test_track_a_00264,0,1,0,1,1
arq_test_track_a_00265,1,0,0,1,0
arq_test_track_a_00266,0,1,0,1,1
arq_test_track_a_00267,0,0,0,1,0
arq_test_track_a_00268,0,0,1,0,0
arq_test_track_a_00269,0,0,1,0,1
arq_test_track_a_00270,0,0,0,0,0
arq_test_track_a_00271,0,0,1,0,1
arq_test_track_a_00272,1,1,0,0,1
arq_test_track_a_00273,0,0,0,1,0
arq_test_track_a_00274,0,0,0,0,0
arq_test_track_a_00275,0,0,0,1,0
arq_test_track_a_00276,1,0,0,0,0
arq_test_track_a_00277,1,0,0,1,0
arq_test_track_a_00278,1,0,0,0,0
arq_test_track_a_00279,1,0,0,1,0
arq_test_track_a_00280,1,0,1,0,1
arq_test_track_a_00281,0,0,1,0,0
arq_test_track_a_00282,0,0,1,0,1
arq_test_track_a_00283,1,1,0,0,1
arq_test_track_a_00284,1,1,0,0,0
arq_test_track_a_00285,0,0,0,0,0
arq_test_track_a_00286,1,0,0,1,0
arq_test_track_a_00287,0,0,0,1,0
arq_test_track_a_00288,1,1,0,0,1
arq_test_track_a_00289,0,0,1,0,0
arq_test_track_a_00290,0,1,0,0,0
arq_test_track_a_00291,0,0,0,1,0
arq_test_track_a_00292,0,0,1,0,1
arq_test_track_a_00293,0,0,0,0,0
arq_test_track_a_00294,0,0,0,0,0
arq_test_track_a_00295,0,0,0,1,0
arq_test_track_a_00296,0,0,1,0,0
arq_test_track_a_00297,0,1,0,0,1
arq_test_track_a_00298,0,1,1,1,1
arq_test_track_a_00299,1,0,0,0,0
arq_test_track_a_00300,1,0,0,1,0
arq_test_track_a_00301,0,0,0,1,1
arq_test_track_a_00302,1,0,0,1,0
arq_test_track_a_00303,1,0,0,1,0
arq_test_track_a_00304,0,0,1,1,1
arq_test_track_a_00305,0,0,0,0,0
arq_test_track_a_00306,1,0,0,1,0
arq_test_track_a_00307,0,0,0,1,0
arq_test_track_a_00308,0,0,0,1,0
arq_test_track_a_00309,0,0,0,0,1
arq_test_track_a_00310,0,1,0,1,0
arq_test_track_a_00311,0,0,1,0,0
arq_test_track_a_00312,0,0,0,1,0
arq_test_track_a_00313,1,0,0,0,0
arq_test_track_a_00314,0,0,0,0,1
arq_test_track_a_00315,0,0,0,1,0
arq_test_track_a_00316,0,1,0,1,1
arq_test_track_a_00317,0,0,0,0,0
arq_test_track_a_00318,0,0,0,0,0
arq_test_track_a_00319,1,0,0,0,0
arq_test_track_a_00320,0,0,1,0,0
arq_test_track_a_00321,0,0,0,1,0
arq_test_track_a_00322,0,0,0,1,0
arq_test_track_a_00323,0,0,0,1,0
arq_test_track_a_00324,0,0,1,0,0
arq_test_track_a_00325,0,0,0,0,0
arq_test_track_a_00326,1,0,0,1,1
arq_test_track_a_00327,0,0,1,0,0
arq_test_track_a_00328,1,1,0,1,1
arq_test_track_a_00329,0,0,1,1,0
arq_test_track_a_00330,1,0,0,1,0
arq_test_track_a_00331,0,0,1,0,0
arq_test_track_a_00332,0,0,0,1,1
arq_test_track_a_00333,0,1,0,1,0
arq_test_track_a_00334,0,1,0,1,1
arq_test_track_a_00335,0,1,0,1,0
arq_test_track_a_00336,0,0,0,0,0
arq_test_track_a_00337,0,1,0,0,0
arq_test_track_a_00338,1,1,0,1,1
arq_test_track_a_00339,1,0,0,1,1
arq_test_track_a_00340,0,1,0,0,1
arq_test_track_a_00341,0,0,0,1,0
arq_test_track_a_00342,0,0,0,1,1
arq_test_track_a_00343,1,1,0,0,0
arq_test_track_a_00344,0,0,0,1,0
arq_test_track_a_00345,0,0,1,0,0
arq_test_track_a_00346,0,1,0,1,0
arq_test_track_a_00347,0,0,0,0,0
arq_test_track_a_00348,0,0,0,1,0
arq_test_track_a_00349,0,0,1,0,0
arq_test_track_a_00350,0,0,1,0,0
arq_test_track_a_00351,0,0,0,1,0
arq_test_track_a_00352,0,0,0,0,1
arq_test_track_a_00353,0,1,0,0,0
arq_test_track_a_00354,1,0,0,0,1
arq_test_track_a_00355,1,0,0,1,0
arq_test_track_a_00356,0,0,0,0,1
arq_test_track_a_00357,0,0,0,0,1
arq_test_track_a_00358,1,1,0,1,0
arq_test_track_a_00359,0,0,1,0,1
arq_test_track_a_00360,0,1,0,1,0
arq_test_track_a_00361,1,0,0,0,0
arq_test_track_a_00362,0,0,1,0,0
arq_test_track_a_00363,1,0,0,0,0
arq_test_track_a_00364,0,0,1,0,0
arq_test_track_a_00365,1,0,0,0,1
arq_test_track_a_00366,1,1,0,0,1
arq_test_track_a_00367,1,0,0,0,0
arq_test_track_a_00368,0,1,0,0,1
arq_test_track_a_00369,1,1,0,1,0
arq_test_track_a_00370,0,1,0,0,1
arq_test_track_a_00371,0,0,1,0,0
arq_test_track_a_00372,0,0,0,0,1
arq_test_track_a_00373,0,1,0,1,1
arq_test_track_a_00374,1,0,0,0,0
arq_test_track_a_00375,0,0,0,0,0
arq_test_track_a_00376,0,1,0,1,0
arq_test_track_a_00377,1,0,0,1,0
arq_test_track_a_00378,1,0,0,1,0
arq_test_track_a_00379,0,0,1,0,0
arq_test_track_a_00380,1,0,0,1,0
arq_test_track_a_00381,0,0,0,1,0
arq_test_track_a_00382,0,0,1,0,0
arq_test_track_a_00383,1,0,0,0,1
arq_test_track_a_00384,0,1,0,1,0
arq_test_track_a_00385,0,0,0,1,0
arq_test_track_a_00386,0,0,0,1,0
arq_test_track_a_00387,1,0,0,1,0
arq_test_track_a_00388,1,1,0,0,1
arq_test_track_a_00389,1,0,1,1,0
arq_test_track_a_00390,1,0,0,1,0
arq_test_track_a_00391,1,0,0,1,1
arq_test_track_a_00392,1,0,0,0,0
arq_test_track_a_00393,0,0,0,1,0
arq_test_track_a_00394,0,0,0,0,0
arq_test_track_a_00395,0,1,0,1,0
arq_test_track_a_00396,0,1,0,0,0
arq_test_track_a_00397,1,1,0,0,1
arq_test_track_a_00398,1,0,0,1,1
arq_test_track_a_00399,1,0,0,0,0
arq_test_track_a_00400,0,0,0,1,0
arq_test_track_a_00401,1,0,0,0,0
arq_test_track_a_00402,0,0,0,0,1
arq_test_track_a_00403,0,0,1,0,1
arq_test_track_a_00404,0,0,0,0,1
arq_test_track_a_00405,0,0,0,1,0
arq_test_track_a_00406,0,0,0,0,0
arq_test_track_a_00407,0,0,0,1,0
arq_test_track_a_00408,0,0,0,0,1
arq_test_track_a_00409,0,0,0,0,0
arq_test_track_a_00410,0,0,0,0,0
arq_test_track_a_00411,0,0,0,0,0
arq_test_track_a_00412,0,0,1,0,1
arq_test_track_a_00413,0,1,0,1,0
arq_test_track_a_00414,0,0,0,1,1
arq_test_track_a_00415,0,1,0,1,0
arq_test_track_a_00416,0,1,0,0,1
arq_test_track_a_00417,0,0,1,0,1
arq_test_track_a_00418,0,0,0,1,0
arq_test_track_a_00419,0,0,1,0,0
arq_test_track_a_00420,1,0,0,1,1
arq_test_track_a_00421,1,0,0,1,0
arq_test_track_a_00422,0,0,0,0,0
arq_test_track_a_00423,0,0,0,0,0
arq_test_track_a_00424,0,0,0,0,0
arq_test_track_a_00425,1,0,1,0,1
arq_test_track_a_00426,0,0,0,1,1
arq_test_track_a_00427,1,0,1,0,1
arq_test_track_a_00428,0,0,0,1,0
arq_test_track_a_00429,0,1,0,1,0
arq_test_track_a_00430,1,0,0,0,0
arq_test_track_a_00431,0,0,0,0,0
arq_test_track_a_00432,1,0,1,0,0
arq_test_track_a_00433,1,0,0,0,1
arq_test_track_a_00434,0,0,1,0,0
arq_test_track_a_00435,1,0,1,0,0
arq_test_track_a_00436,1,0,0,1,0
arq_test_track_a_00437,0,0,0,0,0
arq_test_track_a_00438,0,0,0,0,1
arq_test_track_a_00439,0,0,0,0,0
arq_test_track_a_00440,0,0,0,0,0
arq_test_track_a_00441,0,0,0,1,0
arq_test_track_a_00442,0,1,0,0,0
arq_test_track_a_00443,0,1,0,1,0
arq_test_track_a_00444,1,1,0,0,1
arq_test_track_a_00445,1,0,0,1,0
arq_test_track_a_00446,0,0,0,0,0
arq_test_track_a_00447,0,0,0,1,0
arq_test_track_a_00448,0,1,0,0,1
arq_test_track_a_00449,0,1,0,0,0
arq_test_track_a_00450,0,0,1,1,0
arq_test_track_a_00451,0,0,0,1,0
arq_test_track_a_00452,0,1,0,1,0
arq_test_track_a_00453,0,0,0,0,0
arq_test_track_a_00454,1,0,0,0,0
arq_test_track_a_00455,1,0,0,0,0
arq_test_track_a_00456,1,0,0,1,0
arq_test_track_a_00457,0,0,1,1,0
arq_test_track_a_00458,1,0,0,1,0
arq_test_track_a_00459,0,0,1,0,0
arq_test_track_a_00460,0,0,0,0,0
arq_test_track_a_00461,1,1,0,1,0
arq_test_track_a_00462,1,0,0,1,0
arq_test_track_a_00463,1,0,0,0,1
arq_test_track_a_00464,1,0,0,0,0
arq_test_track_a_00465,0,0,1,0,0
arq_test_track_a_00466,0,0,0,0,0
arq_test_track_a_00467,0,0,0,1,1
arq_test_track_a_00468,0,0,0,0,1
arq_test_track_a_00469,0,0,0,1,0
arq_test_track_a_00470,0,1,0,1,0
arq_test_track_a_00471,0,1,0,1,0
arq_test_track_a_00472,0,0,0,1,0
arq_test_track_a_00473,0,0,0,0,0
arq_test_track_a_00474,0,1,1,1,1
arq_test_track_a_00475,0,0,1,0,0
arq_test_track_a_00476,0,0,0,0,1
arq_test_track_a_00477,1,0,0,0,0
arq_test_track_a_00478,1,1,0,1,0
arq_test_track_a_00479,0,0,0,1,1
arq_test_track_a_00480,0,0,1,0,1
arq_test_track_a_00481,1,0,0,1,0
arq_test_track_a_00482,0,0,1,0,0
arq_test_track_a_00483,1,0,0,0,1
arq_test_track_a_00484,1,0,0,0,0
arq_test_track_a_00485,1,0,0,1,0
arq_test_track_a_00486,1,0,0,0,1
arq_test_track_a_00487,1,1,0,1,1
arq_test_track_a_00488,0,0,0,1,0
arq_test_track_a_00489,1,0,0,0,0
arq_test_track_a_00490,0,0,0,1,0
arq_test_track_a_00491,0,1,0,1,1
arq_test_track_a_00492,0,0,1,0,0
arq_test_track_a_00493,1,0,0,1,1
arq_test_track_a_00494,0,0,0,1,0
arq_test_track_a_00495,0,0,0,1,0
arq_test_track_a_00496,1,0,0,1,0
arq_test_track_a_00497,0,0,0,0,0
arq_test_track_a_00498,0,1,0,1,0
arq_test_track_a_00499,1,0,0,1,0
arq_test_track_a_00500,0,0,0,0,0
arq_test_track_a_00501,0,0,1,0,0
arq_test_track_a_00502,1,1,0,0,0
arq_test_track_a_00503,0,0,0,1,0
arq_test_track_a_00504,0,0,1,0,0
arq_test_track_a_00505,1,0,0,0,0
arq_test_track_a_00506,1,0,0,0,0
arq_test_track_a_00507,0,0,0,0,0
arq_test_track_a_00508,0,1,0,0,1
arq_test_track_a_00509,0,1,0,1,0
arq_test_track_a_00510,1,0,0,0,0
arq_test_track_a_00511,0,0,1,0,0
arq_test_track_a_00512,0,1,0,1,0
arq_test_track_a_00513,0,0,0,1,0
arq_test_track_a_00514,1,0,0,0,1
arq_test_track_a_00515,0,0,1,0,0
arq_test_track_a_00516,0,0,1,0,0
arq_test_track_a_00517,0,0,1,0,1
arq_test_track_a_00518,0,1,0,1,0
arq_test_track_a_00519,0,0,1,0,1
arq_test_track_a_00520,0,0,0,1,1
arq_test_track_a_00521,0,1,0,1,0
arq_test_track_a_00522,0,0,0,1,1
arq_test_track_a_00523,0,0,0,1,0
arq_test_track_a_00524,0,0,0,1,0
arq_test_track_a_00525,1,0,0,0,0
arq_test_track_a_00526,0,1,0,0,1
arq_test_track_a_00527,0,0,0,0,1
arq_test_track_a_00528,0,0,0,0,0
arq_test_track_a_00529,1,0,0,1,1
arq_test_track_a_00530,0,0,1,0,1
arq_test_track_a_00531,1,0,0,0,0
arq_test_track_a_00532,1,0,1,0,1
arq_test_track_a_00533,0,0,1,0,0
arq_test_track_a_00534,0,0,1,0,1
arq_test_track_a_00535,0,0,0,1,0
arq_test_track_a_00536,1,1,0,1,1
arq_test_track_a_00537,0,0,0,1,0
arq_test_track_a_00538,0,0,1,0,0
arq_test_track_a_00539,1,0,0,0,0
arq_test_track_a_00540,0,1,0,1,0
arq_test_track_a_00541,1,1,0,1,0
arq_test_track_a_00542,0,0,0,0,0
arq_test_track_a_00543,0,0,0,0,0
arq_test_track_a_00544,1,1,0,1,0
arq_test_track_a_00545,1,0,0,0,0
arq_test_track_a_00546,0,1,0,0,1
arq_test_track_a_00547,1,0,0,0,1
arq_test_track_a_00548,0,0,1,0,1
arq_test_track_a_00549,1,0,0,1,0
arq_test_track_a_00550,1,0,0,0,0
arq_test_track_a_00551,1,1,0,0,1
arq_test_track_a_00552,0,0,1,0,0
arq_test_track_a_00553,0,1,0,0,1
arq_test_track_a_00554,0,0,1,0,1
arq_test_track_a_00555,0,1,0,1,1
arq_test_track_a_00556,1,0,0,0,1
arq_test_track_a_00557,0,0,1,0,1
arq_test_track_a_00558,0,1,0,1,1
arq_test_track_a_00559,0,0,0,0,0
arq_test_track_a_00560,0,0,0,0,0
arq_test_track_a_00561,0,0,0,0,1
arq_test_track_a_00562,0,0,0,1,0
arq_test_track_a_00563,0,0,1,0,0
arq_test_track_a_00564,0,0,0,0,0
arq_test_track_a_00565,1,0,0,0,0
arq_test_track_a_00566,1,0,0,1,0
arq_test_track_a_00567,1,0,0,1,0
arq_test_track_a_00568,0,0,0,1,1
arq_test_track_a_00569,0,0,0,0,1
arq_test_track_a_00570,0,0,1,0,0
arq_test_track_a_00571,1,0,0,0,0
arq_test_track_a_00572,1,0,0,0,1
arq_test_track_a_00573,0,0,0,0,1
arq_test_track_a_00574,0,1,0,1,0
arq_test_track_a_00575,0,0,0,1,0
arq_test_track_a_00576,0,0,0,0,1
arq_test_track_a_00577,1,0,0,0,0
arq_test_track_a_00578,1,1,0,1,1
arq_test_track_a_00579,1,0,0,1,0
arq_test_track_a_00580,0,0,0,1,0
arq_test_track_a_00581,0,0,1,0,1
arq_test_track_a_00582,0,0,0,0,0
arq_test_track_a_00583,0,1,1,0,1
arq_test_track_a_00584,1,1,0,1,0
arq_test_track_a_00585,0,0,0,0,1
arq_test_track_a_00586,0,0,1,0,0
arq_test_track_a_00587,0,0,0,0,0
arq_test_track_a_00588,0,0,0,1,0
arq_test_track_a_00589,0,0,0,0,0
arq_test_track_a_00590,0,0,1,0,1
arq_test_track_a_00591,0,0,1,0,0
arq_test_track_a_00592,0,0,0,1,0
arq_test_track_a_00593,0,0,0,1,0
arq_test_track_a_00594,0,0,0,0,1
arq_test_track_a_00595,0,0,0,0,1
arq_test_track_a_00596,1,0,0,1,0
arq_test_track_a_00597,1,0,0,0,0
arq_test_track_a_00598,1,0,0,0,1
arq_test_track_a_00599,0,0,1,0,0
arq_test_track_a_00600,1,1,0,1,1
arq_test_track_a_00601,0,1,0,1,0
arq_test_track_a_00602,0,0,0,0,1
arq_test_track_a_00603,0,0,1,1,0
arq_test_track_a_00604,1,1,0,1,0
arq_test_track_a_00605,0,0,1,1,1
arq_test_track_a_00606,1,0,0,0,1
arq_test_track_a_00607,0,1,0,1,0
arq_test_track_a_00608,1,0,0,1,0
arq_test_track_a_00609,1,0,0,1,0
arq_test_track_a_00610,0,1,0,1,1
arq_test_track_a_00611,1,0,0,1,1
arq_test_track_a_00612,0,0,1,0,1
arq_test_track_a_00613,0,0,0,1,0
arq_test_track_a_00614,1,1,0,1,0
arq_test_track_a_00615,1,0,0,1,0
arq_test_track_a_00616,0,1,0,1,0
arq_test_track_a_00617,1,0,0,0,0
arq_test_track_a_00618,0,0,0,0,1
arq_test_track_a_00619,0,0,0,0,1
arq_test_track_a_00620,0,1,0,1,0
arq_test_track_a_00621,1,1,0,0,1
arq_test_track_a_00622,0,0,1,0,1
arq_test_track_a_00623,1,0,0,1,0
arq_test_track_a_00624,0,0,0,1,0
arq_test_track_a_00625,0,0,0,0,1
arq_test_track_a_00626,1,0,0,0,0
arq_test_track_a_00627,0,0,0,1,1
arq_test_track_a_00628,0,0,0,0,0
arq_test_track_a_00629,0,0,0,1,0
arq_test_track_a_00630,1,0,0,1,0
arq_test_track_a_00631,0,0,1,0,0
arq_test_track_a_00632,0,0,0,0,0
arq_test_track_a_00633,0,0,1,0,0
arq_test_track_a_00634,0,0,0,1,0
arq_test_track_a_00635,0,1,0,1,0
arq_test_track_a_00636,1,0,0,1,0
arq_test_track_a_00637,1,0,0,0,1
arq_test_track_a_00638,1,1,0,1,0
arq_test_track_a_00639,0,1,1,1,1
arq_test_track_a_00640,0,0,0,1,0
arq_test_track_a_00641,1,0,0,0,0
arq_test_track_a_00642,0,0,0,1,0
arq_test_track_a_00643,0,0,0,0,0
arq_test_track_a_00644,1,1,0,0,0
arq_test_track_a_00645,0,0,0,0,1
arq_test_track_a_00646,0,0,0,0,1
arq_test_track_a_00647,1,1,0,0,1
arq_test_track_a_00648,0,0,1,0,0
arq_test_track_a_00649,0,0,0,0,1
arq_test_track_a_00650,0,0,0,1,0
arq_test_track_a_00651,0,0,0,0,0
arq_test_track_a_00652,0,0,0,1,1
arq_test_track_a_00653,1,1,0,0,1
arq_test_track_a_00654,1,0,0,0,0
arq_test_track_a_00655,0,0,0,0,1
arq_test_track_a_00656,0,0,0,0,0
arq_test_track_a_00657,0,1,0,1,1
arq_test_track_a_00658,0,0,0,0,1
arq_test_track_a_00659,0,0,0,1,0
arq_test_track_a_00660,0,0,0,1,0
arq_test_track_a_00661,0,0,0,0,1
arq_test_track_a_00662,0,0,0,1,0
arq_test_track_a_00663,0,0,0,0,0
arq_test_track_a_00664,1,0,0,1,0
arq_test_track_a_00665,0,0,0,1,1
arq_test_track_a_00666,0,0,1,0,0
arq_test_track_a_00667,0,0,0,1,0
arq_test_track_a_00668,0,0,1,0,0
arq_test_track_a_00669,0,0,0,1,1
arq_test_track_a_00670,1,0,0,1,0
arq_test_track_a_00671,0,0,0,0,0
arq_test_track_a_00672,0,0,0,1,0
arq_test_track_a_00673,0,0,0,0,0
arq_test_track_a_00674,1,0,0,1,0
arq_test_track_a_00675,0,0,0,1,1
arq_test_track_a_00676,1,0,0,1,1
arq_test_track_a_00677,0,0,0,1,0
arq_test_track_a_00678,1,0,0,0,0
arq_test_track_a_00679,0,0,1,1,1
arq_test_track_a_00680,0,0,0,1,0
arq_test_track_a_00681,0,0,0,0,0
arq_test_track_a_00682,1,0,0,0,0
arq_test_track_a_00683,0,1,0,1,1
arq_test_track_a_00684,0,0,1,0,0
arq_test_track_a_00685,0,0,1,0,1
arq_test_track_a_00686,1,0,0,1,0
arq_test_track_a_00687,0,0,0,0,1
arq_test_track_a_00688,0,0,0,0,0
arq_test_track_a_00689,1,0,0,1,0
arq_test_track_a_00690,0,0,0,0,0
arq_test_track_a_00691,0,1,0,0,1
arq_test_track_a_00692,0,0,0,0,1
arq_test_track_a_00693,0,1,0,0,1
arq_test_track_a_00694,0,0,0,1,0
arq_test_track_a_00695,0,1,0,1,0
arq_test_track_a_00696,0,0,0,1,0
arq_test_track_a_00697,0,0,1,0,1
arq_test_track_a_00698,1,1,0,1,1
arq_test_track_a_00699,1,0,0,0,0
arq_test_track_a_00700,0,0,1,0,0
arq_test_track_a_00701,0,1,0,1,1
arq_test_track_a_00702,1,0,0,0,1
arq_test_track_a_00703,0,0,0,0,0
arq_test_track_a_00704,1,0,0,0,1
arq_test_track_a_00705,1,0,0,0,1
arq_test_track_a_00706,1,1,0,0,1
arq_test_track_a_00707,1,1,0,0,1
arq_test_track_a_00708,1,0,0,1,0
arq_test_track_a_00709,0,1,0,0,0
arq_test_track_a_00710,1,0,0,1,1
arq_test_track_a_00711,0,0,0,0,0
arq_test_track_a_00712,0,1,0,1,0
arq_test_track_a_00713,1,0,0,1,0
arq_test_track_a_00714,0,0,0,0,1
arq_test_track_a_00715,1,0,0,1,1
arq_test_track_a_00716,0,0,0,1,0
arq_test_track_a_00717,1,0,0,0,0
arq_test_track_a_00718,0,0,1,0,0
arq_test_track_a_00719,0,0,0,1,0
arq_test_track_a_00720,1,0,0,0,0
arq_test_track_a_00721,1,0,0,0,1
arq_test_track_a_00722,0,1,0,0,1
arq_test_track_a_00723,0,1,0,1,1
arq_test_track_a_00724,0,1,0,1,0
arq_test_track_a_00725,0,1,0,1,0
arq_test_track_a_00726,0,0,0,0,0
arq_test_track_a_00727,0,1,0,0,0
arq_test_track_a_00728,0,0,0,1,0
arq_test_track_a_00729,0,1,0,0,1
arq_test_track_a_00730,1,1,0,1,1
arq_test_track_a_00731,1,1,0,1,0
arq_test_track_a_00732,0,0,1,0,0
arq_test_track_a_00733,0,0,0,0,0
arq_test_track_a_00734,0,0,0,1,0
arq_test_track_a_00735,0,0,0,0,0
arq_test_track_a_00736,0,1,0,1,0
arq_test_track_a_00737,0,0,1,0,0
arq_test_track_a_00738,0,0,0,0,1
arq_test_track_a_00739,1,1,1,0,0
arq_test_track_a_00740,1,0,0,0,0
arq_test_track_a_00741,0,0,1,0,0
arq_test_track_a_00742,0,1,0,0,1
arq_test_track_a_00743,0,0,0,1,0
arq_test_track_a_00744,1,1,0,1,0
arq_test_track_a_00745,1,0,0,1,1
arq_test_track_a_00746,1,0,0,0,1
arq_test_track_a_00747,0,0,0,1,0
arq_test_track_a_00748,1,1,0,1,0
arq_test_track_a_00749,1,1,0,1,1
arq_test_track_a_00750,0,0,0,1,0
arq_test_track_a_00751,1,0,0,0,0
arq_test_track_a_00752,0,0,0,1,0
arq_test_track_a_00753,0,1,0,1,1
arq_test_track_a_00754,0,0,1,0,0
arq_test_track_a_00755,0,0,0,0,1
arq_test_track_a_00756,0,1,0,1,1
arq_test_track_a_00757,0,0,0,1,0
arq_test_track_a_00758,0,0,0,1,0
arq_test_track_a_00759,0,1,0,1,1
arq_test_track_a_00760,1,1,0,1,0
arq_test_track_a_00761,0,0,0,1,0
arq_test_track_a_00762,0,0,0,0,1
arq_test_track_a_00763,1,0,0,1,1
arq_test_track_a_00764,0,1,0,1,0
arq_test_track_a_00765,0,1,0,1,1
arq_test_track_a_00766,0,0,0,0,0
arq_test_track_a_00767,0,1,0,1,0
arq_test_track_a_00768,1,0,0,0,0
arq_test_track_a_00769,0,0,1,0,0
arq_test_track_a_00770,0,1,0,1,1
arq_test_track_a_00771,1,0,0,0,1
arq_test_track_a_00772,1,0,0,0,0
arq_test_track_a_00773,0,0,0,0,0
arq_test_track_a_00774,0,0,0,1,0
arq_test_track_a_00775,0,0,0,0,0
arq_test_track_a_00776,1,1,0,1,1
arq_test_track_a_00777,0,1,0,0,1
arq_test_track_a_00778,1,1,0,1,0
arq_test_track_a_00779,0,0,1,0,1
arq_test_track_a_00780,0,1,0,0,1
arq_test_track_a_00781,1,0,0,1,0
arq_test_track_a_00782,1,1,0,0,1
arq_test_track_a_00783,1,0,0,1,0
arq_test_track_a_00784,0,1,0,1,1
arq_test_track_a_00785,0,0,0,0,0
arq_test_track_a_00786,0,0,0,1,0
arq_test_track_a_00787,1,0,0,1,0
arq_test_track_a_00788,0,0,0,1,0
arq_test_track_a_00789,1,0,0,1,0
arq_test_track_a_00790,0,1,0,1,0
arq_test_track_a_00791,0,0,0,1,0
arq_test_track_a_00792,0,0,0,0,1
arq_test_track_a_00793,0,0,0,1,1
arq_test_track_a_00794,1,0,0,1,0
arq_test_track_a_00795,0,0,0,1,0
arq_test_track_a_00796,1,0,0,0,0
arq_test_track_a_00797,1,0,0,0,0
arq_test_track_a_00798,0,0,0,0,0
arq_test_track_a_00799,0,0,1,0,0
arq_test_track_a_00800,1,0,1,0,0
arq_test_track_a_00801,0,1,0,0,0
arq_test_track_a_00802,0,0,1,0,0
arq_test_track_a_00803,1,0,0,0,0
arq_test_track_a_00804,0,0,0,1,1
arq_test_track_a_00805,0,0,0,1,0
arq_test_track_a_00806,1,0,0,0,1
arq_test_track_a_00807,1,0,0,0,0
arq_test_track_a_00808,0,0,0,0,1
arq_test_track_a_00809,1,1,0,1,0
arq_test_track_a_00810,0,0,0,0,1
arq_test_track_a_00811,1,1,0,1,0
arq_test_track_a_00812,0,0,0,0,0
arq_test_track_a_00813,0,0,0,1,1
arq_test_track_a_00814,0,0,0,0,0
arq_test_track_a_00815,1,1,0,0,1
arq_test_track_a_00816,1,0,0,0,1
arq_test_track_a_00817,0,0,0,1,0
arq_test_track_a_00818,1,0,0,1,0
arq_test_track_a_00819,1,1,0,1,1
arq_test_track_a_00820,0,1,0,0,0
arq_test_track_a_00821,1,1,0,1,0
arq_test_track_a_00822,0,0,0,0,1
arq_test_track_a_00823,0,0,0,0,1
arq_test_track_a_00824,1,0,1,0,0
arq_test_track_a_00825,0,0,0,0,0
arq_test_track_a_00826,0,0,0,1,0
arq_test_track_a_00827,0,1,0,0,1
arq_test_track_a_00828,0,0,1,0,1
arq_test_track_a_00829,0,0,0,1,0
arq_test_track_a_00830,0,0,0,0,0
arq_test_track_a_00831,1,1,0,1,0
arq_test_track_a_00832,0,1,0,0,0
arq_test_track_a_00833,1,1,0,0,1
arq_test_track_a_00834,0,1,0,0,0
arq_test_track_a_00835,0,0,1,0,0
arq_test_track_a_00836,0,0,0,0,1
arq_test_track_a_00837,0,0,0,1,0
arq_test_track_a_00838,0,0,0,1,0
arq_test_track_a_00839,0,0,0,0,0
arq_test_track_a_00840,1,1,0,0,1
arq_test_track_a_00841,0,1,1,0,1
arq_test_track_a_00842,0,0,0,0,0
arq_test_track_a_00843,1,0,0,1,0
arq_test_track_a_00844,0,0,1,0,0
arq_test_track_a_00845,1,0,0,1,0
arq_test_track_a_00846,1,0,0,1,0
arq_test_track_a_00847,0,0,0,0,1
arq_test_track_a_00848,1,1,0,1,0
arq_test_track_a_00849,1,1,1,0,1
arq_test_track_a_00850,0,0,0,1,0
arq_test_track_a_00851,1,0,0,0,0
arq_test_track_a_00852,1,0,0,1,0
arq_test_track_a_00853,1,1,0,0,1
arq_test_track_a_00854,0,0,1,0,0
arq_test_track_a_00855,1,0,0,1,0
arq_test_track_a_00856,0,0,0,0,0
arq_test_track_a_00857,0,0,0,0,1
arq_test_track_a_00858,0,0,0,0,1
arq_test_track_a_00859,0,0,1,0,0
arq_test_track_a_00860,1,0,0,1,1
arq_test_track_a_00861,0,0,0,1,0
arq_test_track_a_00862,0,0,1,0,0
arq_test_track_a_00863,0,0,0,1,1
arq_test_track_a_00864,0,0,0,1,0
arq_test_track_a_00865,0,1,0,0,1
arq_test_track_a_00866,0,1,0,1,1
arq_test_track_a_00867,0,0,1,0,0
arq_test_track_a_00868,1,1,0,0,0
arq_test_track_a_00869,0,0,0,0,0
arq_test_track_a_00870,0,0,0,1,1
arq_test_track_a_00871,0,0,0,1,0
arq_test_track_a_00872,0,0,0,0,1
arq_test_track_a_00873,0,1,0,0,0
arq_test_track_a_00874,1,0,0,1,0
arq_test_track_a_00875,0,0,0,0,0
arq_test_track_a_00876,0,1,0,1,0
arq_test_track_a_00877,1,1,0,1,1
arq_test_track_a_00878,1,0,1,0,0
arq_test_track_a_00879,1,1,0,1,1
arq_test_track_a_00880,0,0,0,0,0
arq_test_track_a_00881,1,0,0,0,0
arq_test_track_a_00882,1,0,0,1,0
arq_test_track_a_00883,0,0,0,1,0
arq_test_track_a_00884,0,0,1,0,0
arq_test_track_a_00885,1,0,0,0,0
arq_test_track_a_00886,0,0,1,0,1
arq_test_track_a_00887,1,0,0,0,0
arq_test_track_a_00888,0,0,1,0,1
arq_test_track_a_00889,0,0,1,0,1
arq_test_track_a_00890,0,0,1,1,1
arq_test_track_a_00891,0,0,1,0,0
arq_test_track_a_00892,0,1,0,1,0
arq_test_track_a_00893,0,0,1,1,0
arq_test_track_a_00894,1,0,0,1,0
arq_test_track_a_00895,1,0,0,1,0
arq_test_track_a_00896,0,0,1,1,0
arq_test_track_a_00897,0,0,0,0,0
arq_test_track_a_00898,0,1,1,0,1
arq_test_track_a_00899,1,0,0,0,1
arq_test_track_a_00900,0,0,0,0,1
arq_test_track_a_00901,0,0,1,0,0
arq_test_track_a_00902,0,0,1,0,0
arq_test_track_c_00001,0,0,0,0,0
arq_test_track_c_00002,1,0,0,1,0
arq_test_track_c_00003,0,0,0,0,0
arq_test_track_c_00004,0,1,0,1,0
arq_test_track_c_00005,1,0,0,1,0
arq_test_track_c_00006,0,0,0,0,0
arq_test_track_c_00007,0,0,1,0,0
arq_test_track_c_00008,1,1,0,1,0
arq_test_track_c_00009,1,1,0,1,0
arq_test_track_c_00010,0,1,0,0,1
arq_test_track_c_00011,0,0,0,0,1
arq_test_track_c_00012,1,0,0,1,0
arq_test_track_c_00013,1,0,1,0,1
arq_test_track_c_00014,0,1,0,1,0
arq_test_track_c_00015,1,0,0,1,0
arq_test_track_c_00016,0,0,0,0,0
arq_test_track_c_00017,0,0,1,0,1
arq_test_track_c_00018,1,0,0,1,1
arq_test_track_c_00019,0,0,1,1,0
arq_test_track_c_00020,0,1,0,0,1
arq_test_track_c_00021,1,0,0,0,0
arq_test_track_c_00022,1,0,0,1,0
arq_test_track_c_00023,0,0,1,0,0
arq_test_track_c_00024,0,0,0,1,0
arq_test_track_c_00025,1,1,0,1,0
arq_test_track_c_00026,0,0,0,0,0
arq_test_track_c_00027,0,1,0,1,0
arq_test_track_c_00028,1,0,0,0,0
arq_test_track_c_00029,0,1,0,1,0
arq_test_track_c_00030,1,1,0,0,1
arq_test_track_c_00031,0,0,1,0,0
arq_test_track_c_00032,0,0,0,1,0
arq_test_track_c_00033,0,0,0,1,1
arq_test_track_c_00034,0,0,1,0,0
arq_test_track_c_00035,0,0,1,0,0
arq_test_track_c_00036,1,0,0,0,0
arq_test_track_c_00037,0,0,0,0,1
arq_test_track_c_00038,1,0,0,0,0
arq_test_track_c_00039,0,0,1,0,1
arq_test_track_c_00040,0,0,0,0,0
arq_test_track_c_00041,1,0,0,0,0
arq_test_track_c_00042,1,1,0,1,1
arq_test_track_c_00043,1,1,0,1,0
arq_test_track_c_00044,1,0,0,0,1
arq_test_track_c_00045,0,0,0,1,0
arq_test_track_c_00046,0,0,1,1,0
arq_test_track_c_00047,0,0,0,1,0
arq_test_track_c_00048,0,0,0,0,1
arq_test_track_c_00049,0,0,0,0,1
arq_test_track_c_00050,0,0,0,1,0
arq_test_track_c_00051,1,0,0,1,0
arq_test_track_c_00052,0,0,0,1,0
arq_test_track_c_00053,0,0,0,1,0
arq_test_track_c_00054,0,0,0,0,1
arq_test_track_c_00055,0,0,0,0,1
arq_test_track_c_00056,0,0,1,1,0
arq_test_track_c_00057,1,0,0,1,0
arq_test_track_c_00058,0,0,1,0,0
arq_test_track_c_00059,1,0,0,0,1
arq_test_track_c_00060,0,0,0,0,0
arq_test_track_c_00061,0,1,1,0,0
arq_test_track_c_00062,0,1,0,0,1
arq_test_track_c_00063,1,1,0,0,1
arq_test_track_c_00064,1,0,0,0,1
arq_test_track_c_00065,1,0,0,0,1
arq_test_track_c_00066,0,0,0,0,0
arq_test_track_c_00067,0,0,0,1,1
arq_test_track_c_00068,0,0,0,0,1
arq_test_track_c_00069,0,0,0,1,0
arq_test_track_c_00070,0,0,0,1,0
arq_test_track_c_00071,1,0,0,1,0
arq_test_track_c_00072,0,0,0,0,1
arq_test_track_c_00073,0,0,0,1,0
arq_test_track_c_00074,0,0,0,0,0
arq_test_track_c_00075,0,0,0,0,0
arq_test_track_c_00076,1,0,0,1,0
arq_test_track_c_00077,1,0,0,1,1
arq_test_track_c_00078,1,0,0,1,0
arq_test_track_c_00079,0,0,0,1,0
arq_test_track_c_00080,0,1,0,1,0
arq_test_track_c_00081,1,0,0,1,0
arq_test_track_c_00082,0,0,0,1,0
arq_test_track_c_00083,0,0,1,0,0
arq_test_track_c_00084,1,1,0,0,1
arq_test_track_c_00085,0,0,0,0,0
arq_test_track_c_00086,0,0,0,0,1
arq_test_track_c_00087,0,0,0,0,1
arq_test_track_c_00088,1,0,0,0,0
arq_test_track_c_00089,1,0,1,0,1
arq_test_track_c_00090,0,0,0,1,1
arq_test_track_c_00091,0,1,0,0,1
arq_test_track_c_00092,1,1,0,0,0
arq_test_track_c_00093,0,0,1,0,0
arq_test_track_c_00094,0,0,0,1,0
arq_test_track_c_00095,0,1,0,1,0
arq_test_track_c_00096,1,0,0,0,0
arq_test_track_c_00097,0,0,0,1,0
arq_test_track_c_00098,0,0,0,1,0
arq_test_track_c_00099,0,0,0,0,0
arq_test_track_c_00100,1,0,0,0,1
arq_test_track_c_00101,1,1,0,1,0
arq_test_track_c_00102,0,0,1,0,0
arq_test_track_c_00103,0,0,0,1,0
arq_test_track_c_00104,1,0,0,0,0
arq_test_track_c_00105,0,1,1,0,1
arq_test_track_c_00106,0,0,0,0,0
arq_test_track_c_00107,0,0,1,0,0
arq_test_track_c_00108,1,0,0,0,0
arq_test_track_c_00109,0,0,0,0,0
arq_test_track_c_00110,0,0,0,0,0
arq_test_track_c_00111,0,0,1,0,1
arq_test_track_c_00112,0,1,0,1,0
arq_test_track_c_00113,1,0,0,1,1
arq_test_track_c_00114,0,0,0,0,0
arq_test_track_c_00115,1,0,0,0,1
arq_test_track_c_00116,1,0,0,0,0
arq_test_track_c_00117,0,0,0,0,0
arq_test_track_c_00118,0,0,1,0,1
arq_test_track_c_00119,1,0,0,1,0
arq_test_track_c_00120,0,0,0,1,0
arq_test_track_c_00121,0,0,0,0,1
arq_test_track_c_00122,0,0,1,1,0
arq_test_track_c_00123,0,0,1,0,0
arq_test_track_c_00124,0,0,0,1,0
arq_test_track_c_00125,0,0,0,0,0
arq_test_track_c_00126,0,0,1,0,0
arq_test_track_c_00127,0,0,0,0,1
arq_test_track_c_00128,1,0,0,0,0
arq_test_track_c_00129,1,0,0,0,0
arq_test_track_c_00130,1,0,0,1,0
arq_test_track_c_00131,0,1,0,1,0
arq_test_track_c_00132,1,1,0,1,0
arq_test_track_c_00133,1,1,0,0,0
arq_test_track_c_00134,1,1,0,0,1
arq_test_track_c_00135,1,0,0,0,1
arq_test_track_c_00136,1,0,0,1,0
arq_test_track_c_00137,1,1,0,1,0
arq_test_track_c_00138,0,0,1,1,1
arq_test_track_c_00139,0,0,0,0,1
arq_test_track_c_00140,1,1,0,1,0
arq_test_track_c_00141,0,0,0,1,0
arq_test_track_c_00142,0,0,0,1,0
arq_test_track_c_00143,0,0,1,0,1
arq_test_track_c_00144,0,0,0,1,0
arq_test_track_c_00145,0,0,0,0,0
arq_test_track_c_00146,1,0,0,1,1
arq_test_track_c_00147,0,1,0,0,1
arq_test_track_c_00148,0,0,0,0,0
arq_test_track_c_00149,0,0,1,0,1
arq_test_track_c_00150,1,1,0,0,0
arq_test_track_c_00151,0,0,0,1,1
arq_test_track_c_00152,0,0,1,0,1
arq_test_track_c_00153,0,0,0,1,0
arq_test_track_c_00154,1,0,1,0,1
arq_test_track_c_00155,0,0,0,1,1
arq_test_track_c_00156,0,0,1,0,0
arq_test_track_c_00157,0,0,0,1,0
arq_test_track_c_00158,0,1,0,1,1
arq_test_track_c_00159,1,0,0,1,0
arq_test_track_c_00160,0,0,0,1,0
arq_test_track_c_00161,0,0,0,0,0
arq_test_track_c_00162,0,0,1,0,0
arq_test_track_c_00163,0,0,0,0,0
arq_test_track_c_00164,0,0,1,1,0
arq_test_track_c_00165,0,0,0,0,0
arq_test_track_c_00166,1,0,0,0,0
arq_test_track_c_00167,0,0,1,0,0
arq_test_track_c_00168,0,0,0,0,0
arq_test_track_c_00169,0,0,1,0,0
arq_test_track_c_00170,1,0,0,0,1
arq_test_track_c_00171,0,1,0,1,0
arq_test_track_c_00172,0,0,0,0,1
arq_test_track_c_00173,0,0,0,1,0
arq_test_track_c_00174,0,1,0,0,0
arq_test_track_c_00175,0,0,0,0,0
arq_test_track_c_00176,0,0,1,0,0
arq_test_track_c_00177,0,0,0,1,1
arq_test_track_c_00178,0,0,0,1,0
arq_test_track_c_00179,1,1,0,0,1
arq_test_track_c_00180,1,0,0,0,1
arq_test_track_c_00181,0,0,0,1,0
arq_test_track_c_00182,1,0,0,0,0
arq_test_track_c_00183,0,1,0,1,0
arq_test_track_c_00184,0,0,1,0,0
arq_test_track_c_00185,1,0,1,1,0
arq_test_track_c_00186,0,0,1,0,0
arq_test_track_c_00187,1,1,0,1,1
arq_test_track_c_00188,1,0,0,1,0
arq_test_track_c_00189,0,0,0,0,0
arq_test_track_c_00190,0,0,0,1,0
arq_test_track_c_00191,0,1,0,1,0
arq_test_track_c_00192,0,0,1,0,1
arq_test_track_c_00193,1,0,0,1,0
arq_test_track_c_00194,0,1,0,1,1
arq_test_track_c_00195,1,0,0,1,0
arq_test_track_c_00196,1,0,0,1,0
arq_test_track_c_00197,0,0,1,0,1
arq_test_track_c_00198,0,0,1,0,0
arq_test_track_c_00199,0,0,1,0,0
arq_test_track_c_00200,0,1,0,1,0
arq_test_track_c_00201,1,0,0,1,0
arq_test_track_c_00202,1,0,1,0,0
arq_test_track_c_00203,0,0,0,1,1
arq_test_track_c_00204,0,1,0,1,0
arq_test_track_c_00205,0,0,1,0,1
arq_test_track_c_00206,0,0,0,1,0
arq_test_track_c_00207,1,0,1,0,1
arq_test_track_c_00208,0,0,0,1,0
arq_test_track_c_00209,0,0,1,0,0
arq_test_track_c_00210,0,1,0,1,0
arq_test_track_c_00211,0,0,0,0,0
arq_test_track_c_00212,0,0,1,0,1
arq_test_track_c_00213,0,1,0,0,0
arq_test_track_c_00214,1,1,0,0,1
arq_test_track_c_00215,0,0,1,0,1
arq_test_track_c_00216,1,1,0,0,1
arq_test_track_c_00217,0,0,1,0,1
arq_test_track_c_00218,0,1,0,1,1
arq_test_track_c_00219,1,0,0,1,0
arq_test_track_c_00220,0,0,0,1,1
arq_test_track_c_00221,0,0,0,1,0
arq_test_track_c_00222,0,0,0,1,1
arq_test_track_c_00223,0,1,0,0,0
arq_test_track_c_00224,0,0,0,0,1
arq_test_track_c_00225,1,0,0,1,0
arq_test_track_c_00226,1,0,0,0,1
arq_test_track_c_00227,0,0,0,0,0
arq_test_track_c_00228,0,1,0,1,0
arq_test_track_c_00229,0,1,0,1,0
arq_test_track_c_00230,0,0,0,1,0
arq_test_track_c_00231,0,0,1,0,1
arq_test_track_c_00232,1,0,0,0,1
arq_test_track_c_00233,1,0,0,0,0
arq_test_track_c_00234,1,0,0,0,0
arq_test_track_c_00235,1,0,0,0,0
arq_test_track_c_00236,0,0,0,1,0
arq_test_track_c_00237,0,0,1,1,0
arq_test_track_c_00238,0,0,1,0,1
arq_test_track_c_00239,0,0,0,1,0
arq_test_track_c_00240,0,1,0,1,1
arq_test_track_c_00241,0,1,1,1,1
arq_test_track_c_00242,1,1,0,1,0
arq_test_track_c_00243,0,0,0,1,0
arq_test_track_c_00244,0,0,0,0,0
arq_test_track_c_00245,0,0,0,0,1
arq_test_track_c_00246,0,1,0,1,0
arq_test_track_c_00247,0,0,1,0,0
arq_test_track_c_00248,0,1,0,0,1
arq_test_track_c_00249,0,0,0,0,0
arq_test_track_c_00250,0,0,0,0,0
arq_test_track_c_00251,0,0,1,0,1
arq_test_track_c_00252,0,0,0,1,1
arq_test_track_c_00253,0,0,1,0,0
arq_test_track_c_00254,0,0,0,1,0
arq_test_track_c_00255,1,1,0,0,1
arq_test_track_c_00256,0,0,0,0,1
arq_test_track_c_00257,1,1,0,1,0
arq_test_track_c_00258,0,0,0,1,0
arq_test_track_c_00259,0,0,0,0,0
arq_test_track_c_00260,0,0,0,0,0
arq_test_track_c_00261,0,0,1,0,1
arq_test_track_c_00262,1,0,0,0,0
arq_test_track_c_00263,1,0,0,0,0
arq_test_track_c_00264,1,1,0,1,0
arq_test_track_c_00265,0,0,0,1,0
arq_test_track_c_00266,0,0,1,1,0
arq_test_track_c_00267,1,0,0,0,0
arq_test_track_c_00268,0,0,0,0,1
arq_test_track_c_00269,1,0,0,0,1
arq_test_track_c_00270,1,0,0,1,1
arq_test_track_c_00271,0,0,0,0,0
arq_test_track_c_00272,0,0,1,0,0
arq_test_track_c_00273,1,0,0,0,0
arq_test_track_c_00274,0,0,0,1,0
arq_test_track_c_00275,1,0,0,0,0
arq_test_track_c_00276,0,1,0,1,1
arq_test_track_c_00277,0,0,0,1,0
arq_test_track_c_00278,0,0,1,0,0
arq_test_track_c_00279,1,1,0,1,1
arq_test_track_c_00280,1,1,0,1,0
arq_test_track_c_00281,1,1,0,1,1
arq_test_track_c_00282,0,0,1,0,0
arq_test_track_c_00283,0,0,0,1,0
arq_test_track_c_00284,0,1,0,1,0
arq_test_track_c_00285,0,0,0,1,0
arq_test_track_c_00286,0,0,0,1,0
arq_test_track_c_00287,0,1,0,0,1
arq_test_track_c_00288,1,0,1,0,0
arq_test_track_c_00289,1,0,0,0,1
arq_test_track_c_00290,1,1,0,1,0
arq_test_track_c_00291,1,0,0,0,0
arq_test_track_c_00292,1,1,0,1,0
arq_test_track_c_00293,0,0,0,1,0
arq_test_track_c_00294,0,0,0,0,1
arq_test_track_c_00295,0,1,0,0,1
arq_test_track_c_00296,1,0,0,1,0
arq_test_track_c_00297,1,1,0,1,0
arq_test_track_c_00298,0,0,0,0,1
arq_test_track_c_00299,0,0,1,0,1
arq_test_track_c_00300,0,0,0,1,0
arq_test_track_c_00301,1,0,0,1,0
arq_test_track_c_00302,0,1,1,0,1
arq_test_track_c_00303,0,1,0,1,0
arq_test_track_c_00304,0,1,0,1,1
arq_test_track_c_00305,0,0,0,1,0
arq_test_track_c_00306,0,1,0,1,1
arq_test_track_c_00307,1,0,0,0,1
arq_test_track_c_00308,1,0,0,0,0
arq_test_track_c_00309,1,1,0,0,1
arq_test_track_c_00310,0,0,0,1,0
arq_test_track_c_00311,1,1,0,0,1
arq_test_track_c_00312,1,0,0,1,0
arq_test_track_c_00313,0,0,0,1,0
arq_test_track_c_00314,0,0,1,0,0
arq_test_track_c_00315,0,0,0,1,0
arq_test_track_c_00316,1,1,0,0,1
arq_test_track_c_00317,0,0,0,0,1
arq_test_track_c_00318,0,1,0,0,1
arq_test_track_c_00319,0,1,0,1,0
arq_test_track_c_00320,0,1,0,1,0
arq_test_track_c_00321,0,0,0,0,0
arq_test_track_c_00322,1,1,0,1,1
arq_test_track_c_00323,0,1,0,0,0
arq_test_track_c_00324,0,0,0,0,0
arq_test_track_c_00325,1,0,0,1,0
arq_test_track_c_00326,1,0,0,0,0
arq_test_track_c_00327,0,0,0,0,0
arq_test_track_c_00328,0,1,0,1,0
arq_test_track_c_00329,0,0,1,1,1
arq_test_track_c_00330,0,0,0,1,0
arq_test_track_c_00331,0,0,0,1,0
arq_test_track_c_00332,0,1,0,0,1
arq_test_track_c_00333,1,0,0,1,0
arq_test_track_c_00334,1,0,0,1,0
arq_test_track_c_00335,0,0,0,0,1
arq_test_track_c_00336,0,0,0,1,0
arq_test_track_c_00337,1,1,0,1,0
arq_test_track_c_00338,0,0,0,1,0
arq_test_track_c_00339,0,1,0,1,1
arq_test_track_c_00340,0,0,1,0,0
arq_test_track_c_00341,0,0,0,0,1
arq_test_track_c_00342,1,0,0,0,0
arq_test_track_c_00343,0,0,0,1,0
arq_test_track_c_00344,1,0,0,1,0
arq_test_track_c_00345,0,1,0,0,1
arq_test_track_c_00346,0,0,0,1,0
arq_test_track_c_00347,0,0,0,0,0
arq_test_track_c_00348,0,1,0,0,1
arq_test_track_c_00349,1,0,0,1,1
arq_test_track_c_00350,0,1,0,1,1
arq_test_track_c_00351,1,0,0,0,1
arq_test_track_c_00352,0,0,1,0,1
arq_test_track_c_00353,0,1,0,1,0
arq_test_track_c_00354,1,0,0,0,0
arq_test_track_c_00355,0,0,1,0,0
arq_test_track_c_00356,1,0,0,1,1
arq_test_track_c_00357,0,0,1,0,0
arq_test_track_c_00358,0,1,0,1,0
arq_test_track_c_00359,1,0,0,0,1
arq_test_track_c_00360,0,0,0,1,0
arq_test_track_c_00361,1,0,0,0,0
arq_test_track_c_00362,0,0,0,0,0
arq_test_track_c_00363,0,0,0,0,0
arq_test_track_c_00364,0,0,0,0,1
arq_test_track_c_00365,1,0,0,0,0
arq_test_track_c_00366,0,1,0,1,0
arq_test_track_c_00367,1,0,0,0,1
arq_test_track_c_00368,0,0,0,1,1
arq_test_track_c_00369,0,0,1,0,0
arq_test_track_c_00370,0,0,1,0,0
arq_test_track_c_00371,1,1,0,1,0
arq_test_track_c_00372,0,0,1,0,0
arq_test_track_c_00373,0,1,0,0,0
arq_test_track_c_00374,0,1,0,0,1
arq_test_track_c_00375,0,0,0,1,0
arq_test_track_c_00376,0,1,0,0,0
arq_test_track_c_00377,0,0,1,0,0
arq_test_track_c_00378,0,1,0,0,1
arq_test_track_c_00379,0,0,0,1,0
arq_test_track_c_00380,1,0,0,1,0
arq_test_track_c_00381,1,0,0,1,1
arq_test_track_c_00382,1,0,0,1,0
arq_test_track_c_00383,1,0,0,0,0
arq_test_track_c_00384,0,0,1,0,0
arq_test_track_c_00385,0,1,0,1,0
arq_test_track_c_00386,0,0,0,1,1
arq_test_track_c_00387,1,0,0,1,0
arq_test_track_c_00388,0,0,0,1,0
arq_test_track_c_00389,0,0,0,1,0
arq_test_track_c_00390,0,0,0,0,0
arq_test_track_c_00391,0,1,0,1,1
arq_test_track_c_00392,1,1,0,1,0
arq_test_track_c_00393,0,0,0,0,1
arq_test_track_c_00394,0,0,0,0,0
arq_test_track_c_00395,0,0,0,1,1
arq_test_track_c_00396,0,0,1,0,0
arq_test_track_c_00397,0,0,0,1,0
arq_test_track_c_00398,0,0,0,0,1
arq_test_track_c_00399,1,1,0,1,0
arq_test_track_c_00400,1,0,0,0,0
arq_test_track_c_00401,1,1,0,0,1
arq_test_track_c_00402,0,1,0,1,0
arq_test_track_c_00403,1,0,0,1,0
arq_test_track_c_00404,0,0,0,0,0
arq_test_track_c_00405,0,0,0,0,0
arq_test_track_c_00406,0,1,0,1,1
arq_test_track_c_00407,1,1,0,1,1
arq_test_track_c_00408,1,0,0,0,1
arq_test_track_c_00409,0,0,1,0,1
arq_test_track_c_00410,0,0,1,0,0
arq_test_track_c_00411,1,1,0,1,0
arq_test_track_c_00412,1,0,0,0,0
arq_test_track_c_00413,0,0,0,0,0
arq_test_track_c_00414,0,0,0,0,0
arq_test_track_c_00415,0,0,0,1,0
arq_test_track_c_00416,0,0,1,1,0
arq_test_track_c_00417,0,0,1,0,0
arq_test_track_c_00418,0,0,0,0,0
arq_test_track_c_00419,0,0,0,0,0
arq_test_track_c_00420,1,1,0,1,1
arq_test_track_c_00421,0,0,1,0,0
arq_test_track_c_00422,1,0,0,0,0
arq_test_track_c_00423,1,1,0,0,1
arq_test_track_c_00424,0,0,0,0,1
arq_test_track_c_00425,1,0,0,1,0
arq_test_track_c_00426,0,1,0,1,0
arq_test_track_c_00427,0,0,0,0,0
arq_test_track_c_00428,0,0,1,0,1
arq_test_track_c_00429,0,0,1,0,1
arq_test_track_c_00430,0,0,0,1,0
arq_test_track_c_00431,1,0,0,0,0
arq_test_track_c_00432,1,0,0,0,0
arq_test_track_c_00433,0,0,1,1,0
arq_test_track_c_00434,0,0,1,0,0
arq_test_track_c_00435,1,0,0,0,1
arq_test_track_c_00436,0,0,0,1,0
arq_test_track_c_00437,0,1,0,0,0
arq_test_track_c_00438,0,0,1,0,0
arq_test_track_c_00439,0,0,0,0,0
arq_test_track_c_00440,0,0,0,0,1
arq_test_track_c_00441,0,0,0,1,0
arq_test_track_c_00442,1,0,1,0,0
arq_test_track_c_00443,0,1,0,1,0
arq_test_track_c_00444,1,0,0,1,0
arq_test_track_c_00445,0,0,1,0,1
arq_test_track_c_00446,0,0,0,0,0
arq_test_track_c_00447,0,0,1,0,0
arq_test_track_c_00448,1,0,0,0,0
arq_test_track_c_00449,0,0,0,0,0
arq_test_track_c_00450,0,0,0,1,0
arq_test_track_c_00451,0,0,1,0,0
arq_test_track_c_00452,0,1,0,0,1
arq_test_track_c_00453,1,1,0,0,1
arq_test_track_c_00454,0,0,0,1,1
arq_test_track_c_00455,0,1,0,0,1
arq_test_track_c_00456,0,0,0,0,1
arq_test_track_c_00457,0,0,0,1,0
arq_test_track_c_00458,0,1,0,1,1
arq_test_track_c_00459,0,0,0,1,0
arq_test_track_c_00460,1,0,1,0,0
arq_test_track_c_00461,0,1,0,1,1
arq_test_track_c_00462,0,1,0,0,0
arq_test_track_c_00463,0,0,0,1,0
arq_test_track_c_00464,0,0,1,1,0
arq_test_track_c_00465,0,0,1,1,0
arq_test_track_c_00466,1,1,0,1,0
arq_test_track_c_00467,0,0,0,0,0
arq_test_track_c_00468,0,1,0,0,0
arq_test_track_c_00469,0,0,0,1,0
arq_test_track_c_00470,1,0,0,1,0
arq_test_track_c_00471,1,0,0,1,0
arq_test_track_c_00472,1,1,0,1,1
arq_test_track_c_00473,0,1,0,0,0
arq_test_track_c_00474,0,1,1,1,1
arq_test_track_c_00475,0,0,0,1,0
arq_test_track_c_00476,0,0,0,1,0
arq_test_track_c_00477,1,0,0,1,0
arq_test_track_c_00478,0,0,0,1,0
arq_test_track_c_00479,0,0,0,1,1
arq_test_track_c_00480,0,0,0,1,0
arq_test_track_c_00481,1,0,0,0,0
arq_test_track_c_00482,0,0,1,0,1
arq_test_track_c_00483,0,0,0,0,1
arq_test_track_c_00484,1,0,0,0,0
arq_test_track_c_00485,0,0,0,1,0
arq_test_track_c_00486,1,1,0,1,0
arq_test_track_c_00487,0,0,0,1,0
arq_test_track_c_00488,0,1,0,0,1
arq_test_track_c_00489,0,0,1,0,1
arq_test_track_c_00490,1,0,0,1,0
arq_test_track_c_00491,0,0,0,1,0
arq_test_track_c_00492,0,0,0,0,0
arq_test_track_c_00493,0,0,1,0,0
arq_test_track_c_00494,1,0,0,1,0
arq_test_track_c_00495,0,0,0,0,0
arq_test_track_c_00496,0,0,1,0,0
arq_test_track_c_00497,0,0,0,0,1
arq_test_track_c_00498,0,0,1,0,1
arq_test_track_c_00499,0,0,0,0,0
arq_test_track_c_00500,1,0,0,1,0
arq_test_track_c_00501,0,1,0,1,1
arq_test_track_c_00502,0,0,1,0,0
arq_test_track_c_00503,0,0,0,1,0
arq_test_track_c_00504,0,0,0,0,0
arq_test_track_c_00505,1,0,1,0,0
arq_test_track_c_00506,0,0,0,0,0
arq_test_track_c_00507,0,0,0,1,1
arq_test_track_c_00508,0,1,0,1,1
arq_test_track_c_00509,0,1,0,0,1
arq_test_track_c_00510,0,0,0,0,0
arq_test_track_c_00511,1,1,0,0,1
arq_test_track_c_00512,0,1,0,1,1
arq_test_track_c_00513,1,0,0,0,0
arq_test_track_c_00514,0,0,0,0,0
arq_test_track_c_00515,0,0,0,1,1
arq_test_track_c_00516,0,0,0,1,1
arq_test_track_c_00517,1,0,0,0,0
arq_test_track_c_00518,0,0,1,0,0
arq_test_track_c_00519,1,0,0,1,1
arq_test_track_c_00520,0,0,0,0,1
arq_test_track_c_00521,1,0,0,0,1
arq_test_track_c_00522,1,1,0,0,1
arq_test_track_c_00523,0,0,0,1,0
arq_test_track_c_00524,0,1,0,1,0
arq_test_track_c_00525,0,0,0,1,0
arq_test_track_c_00526,0,0,0,1,1
arq_test_track_c_00527,0,0,0,1,0
arq_test_track_c_00528,0,1,0,1,0
arq_test_track_c_00529,1,1,0,1,0
arq_test_track_c_00530,0,0,0,0,1
arq_test_track_c_00531,0,0,0,0,0
arq_test_track_c_00532,0,0,0,0,1
arq_test_track_c_00533,0,0,1,0,1
arq_test_track_c_00534,1,0,0,0,1
arq_test_track_c_00535,0,0,0,1,1
arq_test_track_c_00536,0,0,0,1,0
arq_test_track_c_00537,0,0,1,0,0
arq_test_track_c_00538,0,0,0,0,0
arq_test_track_c_00539,0,0,0,0,0
arq_test_track_c_00540,1,0,0,1,0
arq_test_track_c_00541,1,0,0,0,0
arq_test_track_c_00542,1,1,0,0,1
arq_test_track_c_00543,0,1,0,0,1
arq_test_track_c_00544,0,0,0,1,0
arq_test_track_c_00545,0,0,1,0,1
arq_test_track_c_00546,0,0,0,1,0
arq_test_track_c_00547,0,0,0,0,1
arq_test_track_c_00548,1,0,0,0,1
arq_test_track_c_00549,1,1,0,0,0
arq_test_track_c_00550,1,1,0,1,0
arq_test_track_c_00551,1,0,0,0,0
arq_test_track_c_00552,0,0,0,0,0
arq_test_track_c_00553,0,0,0,0,0
arq_test_track_c_00554,1,0,0,1,0
arq_test_track_c_00555,1,0,0,1,0
arq_test_track_c_00556,0,0,0,0,1
arq_test_track_c_00557,0,0,0,0,0
arq_test_track_c_00558,0,0,1,0,1
arq_test_track_c_00559,0,0,0,0,1
arq_test_track_c_00560,0,1,0,1,0
arq_test_track_c_00561,1,0,0,0,0
arq_test_track_c_00562,0,0,0,1,0
arq_test_track_c_00563,0,0,0,1,0
arq_test_track_c_00564,0,0,1,0,0
arq_test_track_c_00565,0,0,0,1,0
arq_test_track_c_00566,0,0,0,0,1
arq_test_track_c_00567,0,0,1,1,0
arq_test_track_c_00568,0,1,0,1,0
arq_test_track_c_00569,1,0,0,0,0
arq_test_track_c_00570,1,0,0,1,0
arq_test_track_c_00571,0,0,0,1,0
arq_test_track_c_00572,0,0,1,0,0
arq_test_track_c_00573,1,0,0,1,0
arq_test_track_c_00574,1,0,0,1,0
arq_test_track_c_00575,1,1,0,0,0
arq_test_track_c_00576,0,0,0,0,1
arq_test_track_c_00577,0,0,0,0,1
arq_test_track_c_00578,0,0,0,1,0
arq_test_track_c_00579,1,1,0,0,1
arq_test_track_c_00580,0,0,0,0,1
arq_test_track_c_00581,1,0,0,1,0
arq_test_track_c_00582,1,0,0,0,1
arq_test_track_c_00583,0,0,1,0,0
arq_test_track_c_00584,0,0,1,0,0
arq_test_track_c_00585,0,0,0,0,0
arq_test_track_c_00586,0,0,0,0,0
arq_test_track_c_00587,0,1,0,1,0
arq_test_track_c_00588,0,0,0,1,0
arq_test_track_c_00589,0,0,0,0,0
arq_test_track_c_00590,0,0,0,0,1
arq_test_track_c_00591,0,1,0,0,1
arq_test_track_c_00592,1,0,0,0,0
arq_test_track_c_00593,1,1,0,1,0
arq_test_track_c_00594,0,0,1,0,0
arq_test_track_c_00595,0,1,0,0,0
arq_test_track_c_00596,1,0,1,0,0
arq_test_track_c_00597,0,0,0,1,0
arq_test_track_c_00598,1,0,0,0,0
arq_test_track_c_00599,0,0,1,1,0
arq_test_track_c_00600,1,0,0,0,1
arq_test_track_c_00601,0,0,1,0,0
arq_test_track_c_00602,0,0,0,0,1
arq_test_track_c_00603,1,0,0,1,0
arq_test_track_c_00604,0,1,0,1,0
arq_test_track_c_00605,1,0,0,0,1
arq_test_track_c_00606,0,0,0,1,1
arq_test_track_c_00607,1,0,0,0,1
arq_test_track_c_00608,0,1,0,1,1
arq_test_track_c_00609,0,0,0,0,0
arq_test_track_c_00610,1,0,0,1,1
arq_test_track_c_00611,0,0,0,0,0
arq_test_track_c_00612,0,0,1,0,0
arq_test_track_c_00613,0,1,0,1,0
arq_test_track_c_00614,0,0,1,0,1
arq_test_track_c_00615,0,0,0,0,1
arq_test_track_c_00616,0,0,0,1,0
arq_test_track_c_00617,0,0,0,0,1
arq_test_track_c_00618,1,1,0,1,0
arq_test_track_c_00619,0,0,0,0,0
arq_test_track_c_00620,0,1,0,1,1
arq_test_track_c_00621,0,1,0,0,1
arq_test_track_c_00622,1,0,0,1,0
arq_test_track_c_00623,0,0,0,0,0
arq_test_track_c_00624,0,0,0,1,0
arq_test_track_c_00625,0,0,1,1,1
arq_test_track_c_00626,1,0,0,1,0
arq_test_track_c_00627,1,0,0,0,1
arq_test_track_c_00628,0,0,0,1,0
arq_test_track_c_00629,0,1,0,1,1
arq_test_track_c_00630,0,0,0,1,1
arq_test_track_c_00631,0,1,0,1,1
arq_test_track_c_00632,1,0,0,1,1
arq_test_track_c_00633,0,1,1,1,1
arq_test_track_c_00634,0,1,0,1,0
arq_test_track_c_00635,1,1,0,1,0
arq_test_track_c_00636,0,1,0,1,0
arq_test_track_c_00637,0,0,1,0,0
arq_test_track_c_00638,1,1,0,0,1
arq_test_track_c_00639,1,0,0,0,0
arq_test_track_c_00640,0,0,0,0,1
arq_test_track_c_00641,0,0,0,0,1
arq_test_track_c_00642,1,1,0,0,1
arq_test_track_c_00643,0,0,0,0,1
arq_test_track_c_00644,0,0,1,0,0
arq_test_track_c_00645,0,0,1,0,0
arq_test_track_c_00646,1,0,0,0,0
arq_test_track_c_00647,1,0,0,1,1
arq_test_track_c_00648,1,0,0,0,1
arq_test_track_c_00649,0,0,1,0,0
arq_test_track_c_00650,0,1,0,1,0
arq_test_track_c_00651,1,0,0,1,0
arq_test_track_c_00652,0,0,0,1,0
arq_test_track_c_00653,0,0,1,0,0
arq_test_track_c_00654,0,0,1,0,1
arq_test_track_c_00655,0,1,0,1,1
arq_test_track_c_00656,1,0,1,0,1
arq_test_track_c_00657,0,0,0,0,0
arq_test_track_c_00658,1,0,0,0,0
arq_test_track_c_00659,0,1,0,1,1
arq_test_track_c_00660,0,0,0,1,0
arq_test_track_c_00661,0,0,1,0,0
arq_test_track_c_00662,0,0,0,0,0
arq_test_track_c_00663,0,0,0,0,0
arq_test_track_c_00664,0,1,0,0,1
arq_test_track_c_00665,0,0,0,0,0
arq_test_track_c_00666,1,1,0,1,0
arq_test_track_c_00667,1,1,0,1,0
arq_test_track_c_00668,0,0,1,0,1
arq_test_track_c_00669,1,0,0,1,0
arq_test_track_c_00670,0,0,0,1,0
arq_test_track_c_00671,0,1,0,0,0
arq_test_track_c_00672,1,0,0,0,0
arq_test_track_c_00673,0,0,0,1,0
arq_test_track_c_00674,0,0,0,0,1
arq_test_track_c_00675,0,0,1,1,1
arq_test_track_c_00676,0,0,0,0,0
arq_test_track_c_00677,0,0,0,0,1
arq_test_track_c_00678,0,0,0,0,1
arq_test_track_c_00679,0,0,0,0,0
arq_test_track_c_00680,1,0,0,1,0
arq_test_track_c_00681,0,0,0,0,0
arq_test_track_c_00682,1,0,0,0,0
arq_test_track_c_00683,0,0,1,0,0
arq_test_track_c_00684,1,0,0,0,0
arq_test_track_c_00685,0,1,0,0,0
arq_test_track_c_00686,0,0,0,0,0
arq_test_track_c_00687,0,0,0,0,0
arq_test_track_c_00688,1,0,0,1,0
arq_test_track_c_00689,0,0,0,0,1
arq_test_track_c_00690,1,0,0,1,0
arq_test_track_c_00691,0,0,0,1,0
arq_test_track_c_00692,1,0,0,0,0
arq_test_track_c_00693,0,0,1,0,0
arq_test_track_c_00694,0,1,0,1,1
arq_test_track_c_00695,0,0,0,0,1
arq_test_track_c_00696,0,1,0,0,0
arq_test_track_c_00697,0,0,0,1,0
arq_test_track_c_00698,0,0,0,0,0
arq_test_track_c_00699,0,0,0,0,1
arq_test_track_c_00700,0,0,0,0,0
arq_test_track_c_00701,0,0,0,0,1
arq_test_track_c_00702,0,0,1,0,1
arq_test_track_c_00703,0,0,0,0,0
arq_test_track_c_00704,0,0,0,0,0
arq_test_track_c_00705,0,0,1,0,0
arq_test_track_c_00706,1,1,0,0,1
arq_test_track_c_00707,1,0,0,1,0
arq_test_track_c_00708,0,0,0,1,0
arq_test_track_c_00709,0,0,0,1,0
arq_test_track_c_00710,0,1,0,1,1
arq_test_track_c_00711,0,0,0,0,0
arq_test_track_c_00712,0,0,0,0,0
arq_test_track_c_00713,0,0,0,1,0
arq_test_track_c_00714,1,0,0,0,0
arq_test_track_c_00715,0,0,0,1,0
arq_test_track_c_00716,0,0,1,1,1
arq_test_track_c_00717,0,1,0,0,0
arq_test_track_c_00718,0,0,0,1,1
arq_test_track_c_00719,0,1,0,1,0
arq_test_track_c_00720,0,0,1,0,0
arq_test_track_c_00721,0,0,0,0,1
arq_test_track_c_00722,0,0,0,0,1
arq_test_track_c_00723,0,0,1,0,1
arq_test_track_c_00724,0,0,0,0,1
arq_test_track_c_00725,1,1,0,1,1
arq_test_track_c_00726,0,0,0,0,0
arq_test_track_c_00727,0,0,0,1,0
arq_test_track_c_00728,1,0,0,0,0
arq_test_track_c_00729,0,1,0,0,0
arq_test_track_c_00730,1,0,0,0,0
arq_test_track_c_00731,0,1,0,1,0
arq_test_track_c_00732,1,1,0,1,0
arq_test_track_c_00733,0,1,0,0,1
arq_test_track_c_00734,0,0,0,0,1
arq_test_track_c_00735,1,0,0,0,1
arq_test_track_c_00736,1,0,0,1,1
arq_test_track_c_00737,1,1,1,0,1
arq_test_track_c_00738,0,0,0,1,0
arq_test_track_c_00739,0,0,0,0,0
arq_test_track_c_00740,0,0,0,0,0
arq_test_track_c_00741,0,0,0,1,0
arq_test_track_c_00742,0,0,0,1,0
arq_test_track_c_00743,0,1,0,0,1
arq_test_track_c_00744,1,1,0,1,0
arq_test_track_c_00745,0,0,1,0,1
arq_test_track_c_00746,1,0,0,1,0
arq_test_track_c_00747,1,0,0,1,0
arq_test_track_c_00748,0,0,0,1,0
arq_test_track_c_00749,1,0,0,1,1
arq_test_track_c_00750,0,0,0,1,0
arq_test_track_c_00751,1,0,0,0,1
arq_test_track_c_00752,0,0,0,0,1
arq_test_track_c_00753,0,0,0,0,0
arq_test_track_c_00754,1,0,0,0,0
arq_test_track_c_00755,0,0,0,1,0
arq_test_track_c_00756,1,1,1,0,0
arq_test_track_c_00757,1,0,0,0,1
arq_test_track_c_00758,0,0,0,0,0
arq_test_track_c_00759,0,0,1,0,0
arq_test_track_c_00760,0,0,0,1,0
arq_test_track_c_00761,0,0,0,1,0
arq_test_track_c_00762,0,1,0,1,0
arq_test_track_c_00763,0,0,0,1,0
arq_test_track_c_00764,0,0,0,1,0
arq_test_track_c_00765,0,1,0,0,1
arq_test_track_c_00766,0,0,0,1,0
arq_test_track_c_00767,1,1,0,1,0
arq_test_track_c_00768,1,0,0,1,0
arq_test_track_c_00769,1,0,0,0,1
arq_test_track_c_00770,0,0,0,1,0
arq_test_track_c_00771,1,0,0,0,0
arq_test_track_c_00772,0,0,0,1,0
arq_test_track_c_00773,0,0,0,0,0
arq_test_track_c_00774,0,0,1,0,0
arq_test_track_c_00775,0,0,1,0,0
arq_test_track_c_00776,0,0,1,0,0
arq_test_track_c_00777,0,0,0,1,1
arq_test_track_c_00778,1,0,0,0,0
arq_test_track_c_00779,0,0,0,1,0
arq_test_track_c_00780,1,0,0,1,0
arq_test_track_c_00781,0,1,0,1,1
arq_test_track_c_00782,0,0,0,1,1
arq_test_track_c_00783,0,0,0,1,0
arq_test_track_c_00784,0,0,1,0,0
arq_test_track_c_00785,0,0,0,1,0
arq_test_track_c_00786,1,1,0,1,1
arq_test_track_c_00787,0,1,0,1,0
arq_test_track_c_00788,0,0,0,1,0
arq_test_track_c_00789,0,0,0,1,0
arq_test_track_c_00790,0,0,0,0,0
arq_test_track_c_00791,0,0,0,0,1
arq_test_track_c_00792,1,0,0,1,1
arq_test_track_c_00793,1,0,0,1,0
arq_test_track_c_00794,1,0,0,0,0
arq_test_track_c_00795,0,1,0,1,0
arq_test_track_c_00796,1,1,1,1,1
arq_test_track_c_00797,0,0,0,0,1
arq_test_track_c_00798,0,1,0,0,1
arq_test_track_c_00799,1,1,0,1,1
arq_test_track_c_00800,1,1,0,1,1
arq_test_track_c_00801,1,0,0,0,0
arq_test_track_c_00802,0,1,0,1,0
arq_test_track_c_00803,0,0,1,0,0
arq_test_track_c_00804,1,0,0,0,1
arq_test_track_c_00805,0,0,0,0,0
arq_test_track_c_00806,0,1,0,0,0
arq_test_track_c_00807,1,0,0,1,0
arq_test_track_c_00808,1,0,0,1,0
arq_test_track_c_00809,1,0,0,0,1
arq_test_track_c_00810,0,0,0,0,0
arq_test_track_c_00811,0,0,0,0,0
arq_test_track_c_00812,1,0,0,1,0
arq_test_track_c_00813,1,0,0,0,1
arq_test_track_c_00814,1,1,0,1,1
arq_test_track_c_00815,0,0,0,0,1
arq_test_track_c_00816,0,0,0,0,0
arq_test_track_c_00817,1,0,0,0,0
arq_test_track_c_00818,1,0,0,0,0
arq_test_track_c_00819,1,0,0,1,1
arq_test_track_c_00820,1,0,0,1,0
arq_test_track_c_00821,1,0,0,1,0
arq_test_track_c_00822,0,1,0,1,1
arq_test_track_c_00823,0,0,0,0,0
arq_test_track_c_00824,0,0,0,1,0
arq_test_track_c_00825,0,1,1,1,0
arq_test_track_c_00826,0,0,0,0,0
arq_test_track_c_00827,0,0,0,0,1
arq_test_track_c_00828,1,1,0,1,1
arq_test_track_c_00829,0,1,0,1,0
arq_test_track_c_00830,0,0,0,1,0
arq_test_track_c_00831,1,0,0,0,0
arq_test_track_c_00832,1,0,0,0,0
arq_test_track_c_00833,1,0,0,1,0
arq_test_track_c_00834,0,1,0,0,1
arq_test_track_c_00835,1,0,0,0,0
arq_test_track_c_00836,0,1,0,1,0
arq_test_track_c_00837,0,1,0,0,1
arq_test_track_c_00838,0,0,1,0,0
arq_test_track_c_00839,0,0,1,0,1
arq_test_track_c_00840,0,1,0,1,1
arq_test_track_c_00841,0,1,0,1,0
arq_test_track_c_00842,1,1,0,0,1
arq_test_track_c_00843,0,0,0,0,0
arq_test_track_c_00844,1,0,0,0,0
arq_test_track_c_00845,0,1,1,0,1
arq_test_track_c_00846,1,0,0,1,0
arq_test_track_c_00847,1,1,0,0,1
arq_test_track_c_00848,1,1,0,1,1
arq_test_track_c_00849,1,0,0,1,0
arq_test_track_c_00850,0,0,0,1,0
arq_test_track_c_00851,1,0,0,0,0
arq_test_track_c_00852,0,1,0,0,0
arq_test_track_c_00853,0,0,1,0,0
arq_test_track_c_00854,1,0,0,1,0
arq_test_track_c_00855,0,0,1,0,0
arq_test_track_c_00856,0,0,0,0,1
arq_test_track_c_00857,0,0,0,1,0
arq_test_track_c_00858,1,0,0,1,0
arq_test_track_c_00859,0,0,1,0,0
arq_test_track_c_00860,0,0,0,0,1
arq_test_track_c_00861,1,0,0,0,0
arq_test_track_c_00862,0,0,1,0,0
arq_test_track_c_00863,0,0,0,0,0
arq_test_track_c_00864,0,0,1,0,0
arq_test_track_c_00865,0,0,0,0,1
arq_test_track_c_00866,0,0,0,0,1
arq_test_track_c_00867,1,1,0,1,0
arq_test_track_c_00868,0,1,0,1,1
arq_test_track_c_00869,0,1,0,1,0
arq_test_track_c_00870,0,0,0,0,1
arq_test_track_c_00871,0,0,0,0,0
arq_test_track_c_00872,0,0,0,1,0
arq_test_track_c_00873,1,0,0,1,0
arq_test_track_c_00874,1,0,0,0,0
arq_test_track_c_00875,0,0,0,1,0
arq_test_track_c_00876,1,0,0,0,1
arq_test_track_c_00877,0,0,0,1,1
arq_test_track_c_00878,0,0,1,0,0
arq_test_track_c_00879,0,0,0,1,0
arq_test_track_c_00880,0,1,0,1,1
arq_test_track_c_00881,0,0,0,0,1
arq_test_track_c_00882,0,0,0,1,0
arq_test_track_c_00883,0,1,0,0,0
arq_test_track_c_00884,1,0,0,1,0
arq_test_track_c_00885,0,0,0,0,1
arq_test_track_c_00886,1,1,0,0,1
arq_test_track_c_00887,0,1,0,1,1
arq_test_track_c_00888,0,0,0,0,0
arq_test_track_c_00889,0,0,1,0,0
arq_test_track_c_00890,0,0,1,0,0
arq_test_track_c_00891,1,0,0,0,1
arq_test_track_c_00892,0,0,0,1,1
arq_test_track_c_00893,1,0,0,0,0
arq_test_track_c_00894,1,0,0,1,0
arq_test_track_c_00895,0,0,0,1,0
arq_test_track_c_00896,0,1,0,1,1
arq_test_track_c_00897,1,0,0,0,0
arq_test_track_c_00898,0,0,1,1,0
arq_test_track_c_00899,0,0,1,0,1
arq_test_track_c_00900,0,0,0,1,0
arq_test_track_c_00901,1,0,0,1,0
arq_test_track_c_00902,0,1,0,0,1
